"87420de6-df8f-49f3-b9bf-bff2b246c972","masno","ˈmasno","gismu","<u class=""se_basna"" title=""アクセント"">ma</u>sno","<var class=""x1"">x<sub>1</sub></var> は <var class=""x2"">x<sub>2</sub></var> (事)に関して速度的に遅い / のろい / もたもたする","","<li>遅い(速度)</li>","<li class=""cimei-lerfu"">sno</li><li class=""vomei-lerfu"">masn</li>","<li>遅いでございますの</li>","<li><a class=""gismu"" rel=""noreferrer"" href=""https://jbovlaste.lojban.org/dict/sutra"" title=""gismu: x1 は x2 (動作 / 事)に関して速い / すばやい / 敏速 / 俊敏""><u class=""se_basna"">su</u>tra</a></li>","","<li><a class=""gismu"" rel=""noreferrer"" href=""https://jbovlaste.lojban.org/dict/manfo"" title=""x1 (物 / 事)は x2 (性質)の点で均一 / 一様 / 同形 / 相同; x1 にはむらが無い"" data-distance=""0.866667"">manfo</a></li><li><a class=""gismu"" rel=""noreferrer"" href=""https://jbovlaste.lojban.org/dict/mansa"" title=""x1 は x2 (者)を x3 (性質)に関して満足させる; x2 は x1 に満足している"" data-distance=""0.783333"">mansa</a></li><li><a class=""gismu"" rel=""noreferrer"" href=""https://jbovlaste.lojban.org/dict/misno"" title=""x1 (人 / 物 / 事)は x2 (群)の間で有名"" data-distance=""0.866667"">misno</a></li><li><a class=""gismu"" rel=""noreferrer"" href=""https://jbovlaste.lojban.org/dict/sanso"" title=""x1 は x2 (用途)・ x3 (成分)のソース / トッピング / グレイビー / 糖衣"" data-distance=""0.783333"">sanso</a></li>","D1::ペア・ワード","[sound:masno.mp3]","<img alt=""足の遅い亀がメールを運ぶイラスト"" src=""masno.png"" title=""足の遅い亀がメールを運ぶイラスト"" ondblclick=""location.href = &quot;https://www.irasutoya.com/2017/03/blog-post_23.html&quot;;"" />"
"7f5e4faa-1c1b-4667-834b-15760c413fbf","sutra","ˈsutra","gismu","<u class=""se_basna"" title=""アクセント"">su</u>tra","<var class=""x1"">x<sub>1</sub></var> は <var class=""x2"">x<sub>2</sub></var> (動作 / 事)に関して速い / すばやい / 敏速 / 俊敏","","<li>速い</li>","<li class=""cimei-lerfu"">sut</li><li class=""vomei-lerfu"">sutr</li>","<li>速く越すトラック</li>","<li><a class=""gismu"" rel=""noreferrer"" href=""https://jbovlaste.lojban.org/dict/masno"" title=""gismu: x1 は x2 (事)に関して速度的に遅い / のろい / もたもたする""><u class=""se_basna"">ma</u>sno</a></li>","<div class=""mupli""><p lang=""jbo""><span class=""cmavo"" ondblclick=""location.href = &quot;https://jbovlaste.lojban.org/dict/le&quot;;"" title=""cmavo: 形容されたもの : 冠詞(主観系); selbri を冠する; 指示対象は必ずしもその selbri に真に当てはまるとは限らない"">le</span> <span class=""gismu"" ondblclick=""location.href = &quot;https://jbovlaste.lojban.org/dict/lenku&quot;;"" title=""gismu: x1 は x2 (基準)において冷たい / 涼しい""><u class=""se_basna"">le</u>nku</span> <span class=""gismu"" ondblclick=""location.href = &quot;https://jbovlaste.lojban.org/dict/dilnu&quot;;"" title=""gismu: x1 は x2 (物質)・ x3 (大気成分)・ x4 (層)の雲""><u class=""se_basna"">di</u>lnu</span> <span class=""cmavo"" ondblclick=""location.href = &quot;https://jbovlaste.lojban.org/dict/cu&quot;;"" title=""cmavo: selbri隔離 : 先行の項や名辞からselbriを隔離する; 省略可能"">cu</span> <span class=""lujvo"" ondblclick=""location.href = &quot;https://jbovlaste.lojban.org/dict/sutkla&quot;;"" title=""lujvo: sutra klama""><u class=""se_basna"">su</u>tkla</span> <span class=""cmavo"" ondblclick=""location.href = &quot;https://jbovlaste.lojban.org/dict/a'i&quot;;"" title=""cmavo: 努力 (a'i 努力 - a'icu'i 余裕 - a'inai 休息)"">a'i</span><span class=""cmavo"" ondblclick=""location.href = &quot;https://jbovlaste.lojban.org/dict/dai&quot;;"" title=""cmavo: 共感"">d<u class=""relkarsna"">ai</u></span></p><p lang=""ja"" title=""山頭火「行乞記(二)」"">寒い雲がいそぐ</p></div>","<li><a class=""gismu"" rel=""noreferrer"" href=""https://jbovlaste.lojban.org/dict/gutra"" title=""x1 は x2 (本体)の子宮"" data-distance=""0.866667"">gutra</a></li><li><a class=""gismu"" rel=""noreferrer"" href=""https://jbovlaste.lojban.org/dict/murta"" title=""x1 は x2 を遮る / 隠す、 x3 (素材)のカーテン / 窓掛け / ブラインド / 幕 / どんちょう"" data-distance=""0.783333"">murta</a></li><li><a class=""gismu"" rel=""noreferrer"" href=""https://jbovlaste.lojban.org/dict/snura"" title=""x1 は x2 (事 / 危険)にたいして安全"" data-distance=""0.866667"">snura</a></li><li><a class=""gismu"" rel=""noreferrer"" href=""https://jbovlaste.lojban.org/dict/stuna"" title=""x1 は x2 に対して x3 (照合枠)における東方 / 東側"" data-distance=""0.783333"">stuna</a></li><li><a class=""gismu"" rel=""noreferrer"" href=""https://jbovlaste.lojban.org/dict/stura"" title=""x1 は x2 (集合 / 体系)の構造 / 配置 / 組織"" data-distance=""0.933333"">stura</a></li><li><a class=""gismu"" rel=""noreferrer"" href=""https://jbovlaste.lojban.org/dict/sucta"" title=""x1 (概念)は x2 (具体的なもの)を x3 (原理)によって抽象化 / 概念化 / 一般化したもの"" data-distance=""0.866667"">sucta</a></li><li><a class=""gismu"" rel=""noreferrer"" href=""https://jbovlaste.lojban.org/dict/surla"" title=""x1 は x2 (動作)に関してくつろぐ / リラックスする"" data-distance=""0.866667"">surla</a></li><li><a class=""gismu"" rel=""noreferrer"" href=""https://jbovlaste.lojban.org/dict/tutra"" title=""x1 は x2 に属する / 管轄されている領域 / 領土 / 空間"" data-distance=""0.866667"">tutra</a></li>","D1::ペア・ワード","[sound:sutra.mp3]","<img alt=""足の早いウサギがメールを運ぶイラスト"" src=""sutra.png"" title=""足の早いウサギがメールを運ぶイラスト"" ondblclick=""location.href = &quot;https://www.irasutoya.com/2017/03/blog-post_231.html&quot;;"" />"
"8132e6ed-dc98-4a81-949e-e1af0dfc05a7","frili","'frili","gismu","<u class=""se_basna"" title=""アクセント"">fri</u>li","<var class=""x1"">x<sub>1</sub></var> (事)は <var class=""x2"">x<sub>2</sub></var> (者)にとって <var class=""x3"">x<sub>3</sub></var> (条件)において簡単 / 容易; <var class=""x2"">x<sub>2</sub></var> は <var class=""x1"">x<sub>1</sub></var> をた易くこなす","","<li>容易</li>","<li class=""cimei-lerfu"">fil</li><li class=""vomei-lerfu"">fril</li>","","<li><a class=""gismu"" rel=""noreferrer"" href=""https://jbovlaste.lojban.org/dict/nandu"" title=""gismu: x1 は x2 にとって、 x3 (条件)のもと難しい / 難関""><u class=""se_basna"">na</u>ndu</a></li><li><a class=""gismu"" rel=""noreferrer"" href=""https://jbovlaste.lojban.org/dict/sampu"" title=""gismu: x1 は x2 (性質)に関して簡単 / 単純""><u class=""se_basna"">sa</u>mpu</a></li><li><a class=""gismu"" rel=""noreferrer"" href=""https://jbovlaste.lojban.org/dict/zifre"" title=""gismu: x1 は自由である、 x2 (事 / 状態)になることにおいて、 x3 という条件で""><u class=""se_basna"">zi</u>fre</a></li>","","<li><a class=""gismu"" rel=""noreferrer"" href=""https://jbovlaste.lojban.org/dict/friti"" title=""x1 は x2 (物 / 事)を x3 に x4 (条件)で進呈する / オファーする"" data-distance=""0.866667"">friti</a></li><li><a class=""gismu"" rel=""noreferrer"" href=""https://jbovlaste.lojban.org/dict/krili"" title=""x1 は x2 (成分)・ x3 (形状)の水晶 / クリスタル"" data-distance=""0.866667"">krili</a></li><li><a class=""gismu"" rel=""noreferrer"" href=""https://jbovlaste.lojban.org/dict/rilti"" title=""x1 は x2 (形態)のリズム / 律動 / 調子 / 拍子"" data-distance=""0.866667"">rilti</a></li><li><a class=""gismu"" rel=""noreferrer"" href=""https://jbovlaste.lojban.org/dict/ritli"" title=""x1 は x2 (目的)・ x3 (慣習 / 共同体)・ x4 (形態 / 規則)の儀式; x1 は形式的 / かしこまっている"" data-distance=""0.866667"">ritli</a></li><li><a class=""gismu"" rel=""noreferrer"" href=""https://jbovlaste.lojban.org/dict/mirli"" title=""x1 は x2 (種類)のシカ科動物"" data-distance=""0.783333"">mirli</a></li>","D1::ペア・ワード","[sound:frili.mp3]","<img alt=""太った女性をお姫様抱っこする強い男性のイラスト"" src=""frili.png"" title=""太った女性をお姫様抱っこする強い男性のイラスト"" ondblclick=""location.href = &quot;https://www.irasutoya.com/2018/07/blog-post_65.html&quot;;"" />"
"0113e15d-6ee0-49d3-9e2d-58697fdaa203","nandu","ˈnandu","gismu","<u class=""se_basna"" title=""アクセント"">na</u>ndu","<var class=""x1"">x<sub>1</sub></var> は <var class=""x2"">x<sub>2</sub></var> にとって、 <var class=""x3"">x<sub>3</sub></var> (条件)のもと難しい / 難関","","<li>難しい</li>","<li class=""cimei-lerfu"">nad</li><li class=""vomei-lerfu"">nand</li>","<li>難しい難度</li><li>nan(難)</li><li>difficult</li>","<li><a class=""gismu"" rel=""noreferrer"" href=""https://jbovlaste.lojban.org/dict/frili"" title=""gismu: x1 (事)は x2 (者)にとって x3 (条件)において簡単 / 容易; x2 は x1 をた易くこなす""><u class=""se_basna"">fri</u>li</a></li><li><a class=""gismu"" rel=""noreferrer"" href=""https://jbovlaste.lojban.org/dict/nabmi"" title=""gismu: x1 (事)は x2 が遭遇した、 x3 (状況 / 課業)における問題; x1 は x2 に熟考を要する""><u class=""se_basna"">na</u>bmi</a></li><li><a class=""gismu"" rel=""noreferrer"" href=""https://jbovlaste.lojban.org/dict/jdari"" title=""gismu: x1 は x2 (力)にたいして、 x3 (環境 / 条件)のとき固い / 硬い / 堅い""><u class=""se_basna"">jda</u>ri</a></li><li><a class=""gismu"" rel=""noreferrer"" href=""https://jbovlaste.lojban.org/dict/talsa"" title=""gismu: x1 (人)は x2 を x3 (性質)について挑む; x2 に x3 があるかどうかを x1 は試す""><u class=""se_basna"">ta</u>lsa</a></li><li><a class=""gismu"" rel=""noreferrer"" href=""https://jbovlaste.lojban.org/dict/tinsa"" title=""gismu: x1 は x2 (方向)・ x3 (力)にたいして x4 (条件)で固定 / 硬直している; x1 は x2 の向きに動かない""><u class=""se_basna"">ti</u>nsa</a></li>","","<li><a class=""gismu"" rel=""noreferrer"" href=""https://jbovlaste.lojban.org/dict/bandu"" title=""x1 は x2 (物 / 状態)を x3 (危険 / 脅威 / 可能性)から保護 / 守護する; x1 は x3 にたいして防御する"" data-distance=""0.866667"">bandu</a></li><li><a class=""gismu"" rel=""noreferrer"" href=""https://jbovlaste.lojban.org/dict/dandu"" title=""x1 は x2 (対象本体)・ x3 (対象箇所)に掛かる / ぶらさがる"" data-distance=""0.866667"">dandu</a></li><li><a class=""gismu"" rel=""noreferrer"" href=""https://jbovlaste.lojban.org/dict/nanmu"" title=""x1 は男(の人)"" data-distance=""0.866667"">nanmu</a></li><li><a class=""gismu"" rel=""noreferrer"" href=""https://jbovlaste.lojban.org/dict/snanu"" title=""x1 は x2 に対して x3 (照合枠)における南方 / 南側"" data-distance=""0.866667"">snanu</a></li>","D1::ペア・ワード","[sound:nandu.mp3]","<img alt=""難しいクレーンゲームのイラスト"" src=""nandu.png"" title=""難しいクレーンゲームのイラスト"" ondblclick=""location.href = &quot;https://www.irasutoya.com/2018/09/blog-post_586.html&quot;;"" />"
"96702223-4f56-4e24-b087-e5e200127515","condi","ˈʃondi","gismu","<u class=""se_basna"" title=""アクセント"">co</u>ndi","<var class=""x1"">x<sub>1</sub></var> は <var class=""x2"">x<sub>2</sub></var> (性質 / 方向)に関して <var class=""x3"">x<sub>3</sub></var> (照合枠)・ <var class=""x4"">x<sub>4</sub></var> (標準)において深い","","<li>深い</li>","<li class=""cimei-lerfu"">con</li><li class=""cimei-lerfu"">cno</li><li class=""vomei-lerfu"">cond</li>","","<li><a class=""gismu"" rel=""noreferrer"" href=""https://jbovlaste.lojban.org/dict/clani"" title=""gismu: x1 は x2 (次元 / 方向)・ x3 (照合枠)において長い""><u class=""se_basna"">cla</u>ni</a></li><li><a class=""gismu"" rel=""noreferrer"" href=""https://jbovlaste.lojban.org/dict/caxno"" title=""gismu: x1 は x2 (方向 / 性質)に関して x3 (照合枠)・ x4 (基準)で浅い / 浅はか / 薄い""><u class=""se_basna"">ca</u>xno</a></li><li><a class=""gismu"" rel=""noreferrer"" href=""https://jbovlaste.lojban.org/dict/bargu"" title=""gismu: x1 は x2 に掛かる / を縁取る x3 (素材)のアーチ""><u class=""se_basna"">ba</u>rgu</a></li><li><a class=""gismu"" rel=""noreferrer"" href=""https://jbovlaste.lojban.org/dict/ganra"" title=""gismu: x1 は x2 (次元)・ x3 (基準)において広い / 幅がある / ワイド""><u class=""se_basna"">ga</u>nra</a></li><li><a class=""gismu"" rel=""noreferrer"" href=""https://jbovlaste.lojban.org/dict/rotsu"" title=""gismu: x1 は x2 (次元 / 方向)・ x3 (基準)において太い / 厚い""><u class=""se_basna"">ro</u>tsu</a></li><li><a class=""gismu"" rel=""noreferrer"" href=""https://jbovlaste.lojban.org/dict/barda"" title=""gismu: x1 は x2 (性質)に関して、 x3 (比較対象)の中で大きい""><u class=""se_basna"">ba</u>rda</a></li><li><a class=""gismu"" rel=""noreferrer"" href=""https://jbovlaste.lojban.org/dict/gutci"" title=""gismu: x1 は x2 (数)の、 x3 を下位単位とする、 x4 (規格圏)の尺 / フィート(非メートル法 / 土着的な距離単位のうち短いもの)""><u class=""se_basna"">gu</u>tci</a></li><li><a class=""gismu"" rel=""noreferrer"" href=""https://jbovlaste.lojban.org/dict/minli"" title=""gismu: x1 は x2 (数)の、 x3 を下位単位とする、 x4 (規格圏)の里 / マイル(非メートル法 / 土着的な距離単位)""><u class=""se_basna"">mi</u>nli</a></li>","","<li><a class=""gismu"" rel=""noreferrer"" href=""https://jbovlaste.lojban.org/dict/cidni"" title=""x1 は x2 (肢)・ x3 (本体)の関節(膝 / 肘 / 腰 / 手首 / 足首)"" data-distance=""0.783333"">cidni</a></li><li><a class=""gismu"" rel=""noreferrer"" href=""https://jbovlaste.lojban.org/dict/cmoni"" title=""x1 は x2 (音声)を x3 (意味 / 目的 / 原因)のために呻く / 唸る"" data-distance=""0.866667"">cmoni</a></li>","D1::ペア・ワード","[sound:condi.mp3]","<img alt=""深海と深海魚のイラスト"" src=""condi.png"" title=""深海と深海魚のイラスト"" ondblclick=""location.href = &quot;https://www.irasutoya.com/2013/07/blog-post_6389.html&quot;;"" />"
"045e4ea9-a17f-4cd1-9c66-af0d83c542aa","caxno","ˈʃaxno","gismu","<u class=""se_basna"" title=""アクセント"">ca</u>xno","<var class=""x1"">x<sub>1</sub></var> は <var class=""x2"">x<sub>2</sub></var> (方向 / 性質)に関して <var class=""x3"">x<sub>3</sub></var> (照合枠)・ <var class=""x4"">x<sub>4</sub></var> (基準)で浅い / 浅はか / 薄い","","<li>浅い</li>","<li class=""cimei-lerfu"">cax</li><li class=""vomei-lerfu"">caxn</li>","<li>cian(浅)</li><li>shallow 尺の浅い</li>","<li><a class=""gismu"" rel=""noreferrer"" href=""https://jbovlaste.lojban.org/dict/condi"" title=""gismu: x1 は x2 (性質 / 方向)に関して x3 (照合枠)・ x4 (標準)において深い""><u class=""se_basna"">co</u>ndi</a></li><li><a class=""gismu"" rel=""noreferrer"" href=""https://jbovlaste.lojban.org/dict/tordu"" title=""gismu: x1 は x2 (方向)・ x3 (尺度)に関して短い""><u class=""se_basna"">to</u>rdu</a></li><li><a class=""gismu"" rel=""noreferrer"" href=""https://jbovlaste.lojban.org/dict/jarki"" title=""gismu: x1 は x2 (次元)・ x3 (基準)において狭い""><u class=""se_basna"">ja</u>rki</a></li><li><a class=""gismu"" rel=""noreferrer"" href=""https://jbovlaste.lojban.org/dict/cinla"" title=""gismu: x1 は x2 (次元 / 方向)・ x3 (照合枠)において細い / 薄い""><u class=""se_basna"">ci</u>nla</a></li><li><a class=""gismu"" rel=""noreferrer"" href=""https://jbovlaste.lojban.org/dict/cmalu"" title=""gismu: x1 は x2 (性質)に関して、 x3 (比較対象)の中で小さい""><u class=""se_basna"">cma</u>lu</a></li><li><a class=""gismu"" rel=""noreferrer"" href=""https://jbovlaste.lojban.org/dict/jarki"" title=""gismu: x1 は x2 (次元)・ x3 (基準)において狭い""><u class=""se_basna"">ja</u>rki</a></li><li><a class=""gismu"" rel=""noreferrer"" href=""https://jbovlaste.lojban.org/dict/jmifa"" title=""gismu: x1 は x2 (物質)・ x3 (所)の岩礁 / 浅瀬 / 州 / 砂州""><u class=""se_basna"">jmi</u>fa</a></li>","","<li><a class=""gismu"" rel=""noreferrer"" href=""https://jbovlaste.lojban.org/dict/cando"" title=""x1 は無動作 / 怠惰 / 怠けている / アイドリング状態"" data-distance=""0.866667"">cando</a></li><li><a class=""gismu"" rel=""noreferrer"" href=""https://jbovlaste.lojban.org/dict/canko"" title=""x1 は x2 (壁 / 建物 / 構造)の窓 / 門 / 入口 / 出口 / 玄関"" data-distance=""0.866667"">canko</a></li><li><a class=""gismu"" rel=""noreferrer"" href=""https://jbovlaste.lojban.org/dict/cnano"" title=""x1 は性質 x2 (ka, ni)に関する、 x3 (集合)の観点 x4 (si'o)による標準 / 平均 / スタンダード"" data-distance=""0.866667"">cnano</a></li><li><a class=""gismu"" rel=""noreferrer"" href=""https://jbovlaste.lojban.org/dict/ganxo"" title=""x1 は x2 (本体)の肛門"" data-distance=""0.783333"">ganxo</a></li>","D1::ペア・ワード","[sound:caxno.mp3]","<img alt=""田・たんぼのイラスト"" src=""caxno.png"" title=""田・たんぼのイラスト"" ondblclick=""location.href = &quot;https://www.irasutoya.com/2014/01/blog-post_7221.html&quot;;"" />"
"29e3f086-b7a3-4082-9930-3778260ba42d","bruna","'bruna","gismu","<u class=""se_basna"" title=""アクセント"">bru</u>na","<var class=""x1"">x<sub>1</sub></var> は <var class=""x2"">x<sub>2</sub></var> の、 <var class=""x3"">x<sub>3</sub></var> (血縁関係)による兄 / 弟","","<li>兄弟</li>","<li class=""cimei-lerfu"">bun</li><li class=""cimei-lerfu"">bu'a</li><li class=""vomei-lerfu"">brun</li>","<li>&lt;ブルート殴る&gt;</li><li>ブルーな兄弟</li><li>brother</li>","<li><a class=""gismu"" rel=""noreferrer"" href=""https://jbovlaste.lojban.org/dict/mensi"" title=""gismu: x1 は x2 と、 x3 (血縁)によって姉妹関係にある; x1 は x2 の姉 / 妹""><u class=""se_basna"">me</u>nsi</a></li><li><a class=""gismu"" rel=""noreferrer"" href=""https://jbovlaste.lojban.org/dict/tunba"" title=""gismu: x1 は x2 の、 x3 (養育関係 / 血縁関係 / 類似関係)によって結ばれている兄弟姉妹 / 親戚 / 親族""><u class=""se_basna"">tu</u>nba</a></li><li><a class=""gismu"" rel=""noreferrer"" href=""https://jbovlaste.lojban.org/dict/tamne"" title=""gismu: x1 は x2 の、 x3 (血縁)による従兄弟 / 従姉妹""><u class=""se_basna"">ta</u>mne</a></li><li><a class=""gismu"" rel=""noreferrer"" href=""https://jbovlaste.lojban.org/dict/famti"" title=""gismu: x1 (者)は x2 (者)・ x3 (血縁関係)のおじ / おば""><u class=""se_basna"">fa</u>mti</a></li><li><a class=""gismu"" rel=""noreferrer"" href=""https://jbovlaste.lojban.org/dict/bersa"" title=""gismu: x1 は x2 (親)の息子""><u class=""se_basna"">be</u>rsa</a></li>","","<li><a class=""gismu"" rel=""noreferrer"" href=""https://jbovlaste.lojban.org/dict/barna"" title=""x1 は x2 上にある材質 x3 の斑点 / 染み / つぎあて / 印"" data-distance=""0.866667"">barna</a></li><li><a class=""gismu"" rel=""noreferrer"" href=""https://jbovlaste.lojban.org/dict/burna"" title=""x1 は x2 (状況)においてどぎまぎする / 緊張する / 落ち着かない / きまりの悪さを感じる / 当惑する"" data-distance=""0.933333"">burna</a></li><li><a class=""gismu"" rel=""noreferrer"" href=""https://jbovlaste.lojban.org/dict/bunda"" title=""x1 は x2 (数)・ x3 (単位系)・ x4 (下位単位)の非メートル法 / 土着の質量 / 貫 / パウンド"" data-distance=""0.866667"">bunda</a></li><li><a class=""gismu"" rel=""noreferrer"" href=""https://jbovlaste.lojban.org/dict/runta"" title=""x1 は x2 (溶媒)の中で分解 / 分散し、 x3 (溶液)を成す、 x4 (条件)において; x1 はばらける"" data-distance=""0.866667"">runta</a></li>","D1::ペア・ワード","[sound:bruna.mp3]","<img alt=""三兄弟のイラスト"" src=""bruna.png"" title=""三兄弟のイラスト"" ondblclick=""location.href = &quot;https://www.irasutoya.com/2018/03/blog-post_4.html&quot;;"" />"
"f6c79a19-a73d-4dff-8302-e17ee9a45237","mensi","ˈmɛnsi","gismu","<u class=""se_basna"" title=""アクセント"">me</u>nsi","<var class=""x1"">x<sub>1</sub></var> は <var class=""x2"">x<sub>2</sub></var> と、 <var class=""x3"">x<sub>3</sub></var> (血縁)によって姉妹関係にある; <var class=""x1"">x<sub>1</sub></var> は <var class=""x2"">x<sub>2</sub></var> の姉 / 妹","","<li>姉妹</li>","<li class=""cimei-lerfu"">mes</li><li class=""cimei-lerfu"">me'i</li><li class=""vomei-lerfu"">mens</li>","<li>姉</li>","<li><a class=""gismu"" rel=""noreferrer"" href=""https://jbovlaste.lojban.org/dict/bruna"" title=""gismu: x1 は x2 の、 x3 (血縁関係)による兄 / 弟""><u class=""se_basna"">bru</u>na</a></li><li><a class=""gismu"" rel=""noreferrer"" href=""https://jbovlaste.lojban.org/dict/tunba"" title=""gismu: x1 は x2 の、 x3 (養育関係 / 血縁関係 / 類似関係)によって結ばれている兄弟姉妹 / 親戚 / 親族""><u class=""se_basna"">tu</u>nba</a></li><li><a class=""gismu"" rel=""noreferrer"" href=""https://jbovlaste.lojban.org/dict/tamne"" title=""gismu: x1 は x2 の、 x3 (血縁)による従兄弟 / 従姉妹""><u class=""se_basna"">ta</u>mne</a></li><li><a class=""gismu"" rel=""noreferrer"" href=""https://jbovlaste.lojban.org/dict/famti"" title=""gismu: x1 (者)は x2 (者)・ x3 (血縁関係)のおじ / おば""><u class=""se_basna"">fa</u>mti</a></li>","","<li><a class=""gismu"" rel=""noreferrer"" href=""https://jbovlaste.lojban.org/dict/jesni"" title=""x1 は x2 (素材)の針"" data-distance=""0.783333"">jesni</a></li><li><a class=""gismu"" rel=""noreferrer"" href=""https://jbovlaste.lojban.org/dict/menli"" title=""x1 は x2 (本体)の精神 / 心 / 悟性; x1 は心的"" data-distance=""0.866667"">menli</a></li><li><a class=""gismu"" rel=""noreferrer"" href=""https://jbovlaste.lojban.org/dict/pensi"" title=""x1 は x2 (概念)について思慮する / 考慮する / 熟考する / 思いを巡らす; x2 は考え深い"" data-distance=""0.866667"">pensi</a></li>","D1::ペア・ワード","[sound:mensi.mp3]","<img alt=""三姉妹のイラスト"" src=""mensi.png"" title=""三姉妹のイラスト"" ondblclick=""location.href = &quot;https://www.irasutoya.com/2018/03/blog-post_34.html&quot;;"" />"
"4c518d16-7732-4a84-9caf-c1a84833edbf","preti","pˈrɛti","gismu","<u class=""se_basna"" title=""アクセント"">pre</u>ti","<var class=""x1"">x<sub>1</sub></var> (文字列)は <var class=""x2"">x<sub>2</sub></var> (題目)に関する、 <var class=""x3"">x<sub>3</sub></var> (者)から <var class=""x4"">x<sub>4</sub></var> (者)への質問 / 質疑","","<li>質問</li>","<li class=""cimei-lerfu"">ret</li><li class=""cimei-lerfu"">r<u class=""relkarsna"">ei</u></li><li class=""vomei-lerfu"">pret</li>","","<li><a class=""gismu"" rel=""noreferrer"" href=""https://jbovlaste.lojban.org/dict/nabmi"" title=""gismu: x1 (事)は x2 が遭遇した、 x3 (状況 / 課業)における問題; x1 は x2 に熟考を要する""><u class=""se_basna"">na</u>bmi</a></li><li><a class=""gismu"" rel=""noreferrer"" href=""https://jbovlaste.lojban.org/dict/danfu"" title=""gismu: x1 は x2 (質問 / 問題)に対する解答 / 回答 / 返答""><u class=""se_basna"">da</u>nfu</a></li><li><a class=""gismu"" rel=""noreferrer"" href=""https://jbovlaste.lojban.org/dict/ciksi"" title=""gismu: x1 (者)は x2 (事 / 状態 / 性質)を x3 (者)に x4 (命題, du'u)で説明 / 弁明 / 解説する""><u class=""se_basna"">ci</u>ksi</a></li><li><a class=""gismu"" rel=""noreferrer"" href=""https://jbovlaste.lojban.org/dict/frati"" title=""gismu: x1 は x2 (動作 / 行為)という形で x3 (刺激 / 要因)に対し x4 の条件下で反応する / 呼応する""><u class=""se_basna"">fra</u>ti</a></li><li><a class=""gismu"" rel=""noreferrer"" href=""https://jbovlaste.lojban.org/dict/spuda"" title=""gismu: x1 は x2 (者 / 物 / 事)に x3 (動作 / 発言)で返信する""><u class=""se_basna"">spu</u>da</a></li><li><a class=""gismu"" rel=""noreferrer"" href=""https://jbovlaste.lojban.org/dict/cpedu"" title=""gismu: x1 は x2 (事)を x3 (者)に x4 (態度 / 方法)で頼む""><u class=""se_basna"">cpe</u>du</a></li>","","<li><a class=""gismu"" rel=""noreferrer"" href=""https://jbovlaste.lojban.org/dict/berti"" title=""x1 は x2 にたいして x3 (照合枠)で北方 / 北側"" data-distance=""0.783333"">berti</a></li><li><a class=""gismu"" rel=""noreferrer"" href=""https://jbovlaste.lojban.org/dict/bredi"" title=""x1 は x2 (事)に向けて準備できている / 用意が整っている / 覚悟している"" data-distance=""0.733333"">bredi</a></li><li><a class=""gismu"" rel=""noreferrer"" href=""https://jbovlaste.lojban.org/dict/ferti"" title=""x1 は x2 の成長 / 発達に関して肥沃 / 豊穣 / 多産 / 多作"" data-distance=""0.783333"">ferti</a></li><li><a class=""gismu"" rel=""noreferrer"" href=""https://jbovlaste.lojban.org/dict/perli"" title=""x1 は x2 (種類)のナシ属植物"" data-distance=""0.783333"">perli</a></li><li><a class=""gismu"" rel=""noreferrer"" href=""https://jbovlaste.lojban.org/dict/serti"" title=""x1 は x2 (構造)・ x3 (段数)の階段"" data-distance=""0.783333"">serti</a></li>","D1::ペア・ワード","[sound:preti.mp3]","<img alt=""職務質問のイラスト"" src=""preti.png"" title=""職務質問のイラスト"" ondblclick=""location.href = &quot;https://www.irasutoya.com/2015/12/blog-post_399.html&quot;;"" />"
"39e010f3-84be-483c-956f-2bb98e2eee00","danfu","ˈdanfu","gismu","<u class=""se_basna"" title=""アクセント"">da</u>nfu","<var class=""x1"">x<sub>1</sub></var> は <var class=""x2"">x<sub>2</sub></var> (質問 / 問題)に対する解答 / 回答 / 返答","","<li>答</li>","<li class=""cimei-lerfu"">daf</li><li class=""vomei-lerfu"">danf</li>","","<li><a class=""gismu"" rel=""noreferrer"" href=""https://jbovlaste.lojban.org/dict/ciksi"" title=""gismu: x1 (者)は x2 (事 / 状態 / 性質)を x3 (者)に x4 (命題, du'u)で説明 / 弁明 / 解説する""><u class=""se_basna"">ci</u>ksi</a></li><li><a class=""gismu"" rel=""noreferrer"" href=""https://jbovlaste.lojban.org/dict/frati"" title=""gismu: x1 は x2 (動作 / 行為)という形で x3 (刺激 / 要因)に対し x4 の条件下で反応する / 呼応する""><u class=""se_basna"">fra</u>ti</a></li><li><a class=""gismu"" rel=""noreferrer"" href=""https://jbovlaste.lojban.org/dict/preti"" title=""gismu: x1 (文字列)は x2 (題目)に関する、 x3 (者)から x4 (者)への質問 / 質疑""><u class=""se_basna"">pre</u>ti</a></li><li><a class=""gismu"" rel=""noreferrer"" href=""https://jbovlaste.lojban.org/dict/nabmi"" title=""gismu: x1 (事)は x2 が遭遇した、 x3 (状況 / 課業)における問題; x1 は x2 に熟考を要する""><u class=""se_basna"">na</u>bmi</a></li><li><a class=""gismu"" rel=""noreferrer"" href=""https://jbovlaste.lojban.org/dict/spuda"" title=""gismu: x1 は x2 (者 / 物 / 事)に x3 (動作 / 発言)で返信する""><u class=""se_basna"">spu</u>da</a></li><li><a class=""gismu"" rel=""noreferrer"" href=""https://jbovlaste.lojban.org/dict/cpedu"" title=""gismu: x1 は x2 (事)を x3 (者)に x4 (態度 / 方法)で頼む""><u class=""se_basna"">cpe</u>du</a></li>","","<li><a class=""gismu"" rel=""noreferrer"" href=""https://jbovlaste.lojban.org/dict/dakfu"" title=""x1 は x2 (用途)・ x3 (素材)のナイフ / 包丁 / 刀 / 剣"" data-distance=""0.866667"">dakfu</a></li><li><a class=""gismu"" rel=""noreferrer"" href=""https://jbovlaste.lojban.org/dict/dandu"" title=""x1 は x2 (対象本体)・ x3 (対象箇所)に掛かる / ぶらさがる"" data-distance=""0.866667"">dandu</a></li><li><a class=""gismu"" rel=""noreferrer"" href=""https://jbovlaste.lojban.org/dict/danlu"" title=""x1 は x2 (種類)の動物"" data-distance=""0.866667"">danlu</a></li><li><a class=""gismu"" rel=""noreferrer"" href=""https://jbovlaste.lojban.org/dict/dansu"" title=""x1 は x2 (音楽 / リズム)に合わせて踊る; x1 は x2 にノる"" data-distance=""0.866667"">dansu</a></li>","D1::ペア・ワード","[sound:danfu.mp3]","<img alt=""テストのイラスト「100点の答案」"" src=""danfu.png"" title=""テストのイラスト「100点の答案」"" ondblclick=""location.href = &quot;https://www.irasutoya.com/2012/11/100.html&quot;;"" />"
"b3c6fb0b-7b2d-463f-a20b-ffbdeb41ca95","snura","'snura","gismu","<u class=""se_basna"" title=""アクセント"">snu</u>ra","<var class=""x1"">x<sub>1</sub></var> は <var class=""x2"">x<sub>2</sub></var> (事 / 危険)にたいして安全","","<li>安全</li>","<li class=""cimei-lerfu"">nur</li><li class=""cimei-lerfu"">nu'a</li><li class=""vomei-lerfu"">snur</li>","","<li><a class=""gismu"" rel=""noreferrer"" href=""https://jbovlaste.lojban.org/dict/ckape"" title=""gismu: x1 は x2 にとって x3 (条件)において危険; x1 はおっかない""><u class=""se_basna"">cka</u>pe</a></li><li><a class=""gismu"" rel=""noreferrer"" href=""https://jbovlaste.lojban.org/dict/kajde"" title=""gismu: x1 は x2 (者)に x3 (危険 / 脅威)を警告する""><u class=""se_basna"">ka</u>jde</a></li><li><a class=""gismu"" rel=""noreferrer"" href=""https://jbovlaste.lojban.org/dict/marbi"" title=""gismu: x1 は x2 を x3 (危険 / 脅威)から護る保護施設 / 避難所 / シェルター""><u class=""se_basna"">ma</u>rbi</a></li><li><a class=""gismu"" rel=""noreferrer"" href=""https://jbovlaste.lojban.org/dict/terpa"" title=""gismu: x1 は x2 を恐れる / 怖がる / に怯える; x2 は x1 をぎょっとさせる / 脅す""><u class=""se_basna"">te</u>rpa</a></li><li><a class=""gismu"" rel=""noreferrer"" href=""https://jbovlaste.lojban.org/dict/xalni"" title=""gismu: x1 (者)は x2 (事)に関して慌てる / 恐慌する / 狼狽する / パニック状態にある""><u class=""se_basna"">xa</u>lni</a></li><li><a class=""gismu"" rel=""noreferrer"" href=""https://jbovlaste.lojban.org/dict/bandu"" title=""gismu: x1 は x2 (物 / 状態)を x3 (危険 / 脅威 / 可能性)から保護 / 守護する; x1 は x3 にたいして防御する""><u class=""se_basna"">ba</u>ndu</a></li>","","<li><a class=""gismu"" rel=""noreferrer"" href=""https://jbovlaste.lojban.org/dict/dunra"" title=""x1 は x2 (年)・ x3 (所)の冬季"" data-distance=""0.783333"">dunra</a></li><li><a class=""gismu"" rel=""noreferrer"" href=""https://jbovlaste.lojban.org/dict/kunra"" title=""x1 は x2 (鉱石 / 原鉱 / 原石)・ x3 (鉱脈 / 鉱床 / 鉱坑 / 鉱山)の鉱物"" data-distance=""0.783333"">kunra</a></li><li><a class=""gismu"" rel=""noreferrer"" href=""https://jbovlaste.lojban.org/dict/lunra"" title=""x1 は地球の月; x1 は x2 の主要衛星"" data-distance=""0.783333"">lunra</a></li><li><a class=""gismu"" rel=""noreferrer"" href=""https://jbovlaste.lojban.org/dict/nurma"" title=""x1 は x2 (地域)の田舎 / 農村; x1 は田舎っぽい / 牧歌的 / “ダサい”"" data-distance=""0.866667"">nurma</a></li><li><a class=""gismu"" rel=""noreferrer"" href=""https://jbovlaste.lojban.org/dict/stura"" title=""x1 は x2 (集合 / 体系)の構造 / 配置 / 組織"" data-distance=""0.866667"">stura</a></li><li><a class=""gismu"" rel=""noreferrer"" href=""https://jbovlaste.lojban.org/dict/surla"" title=""x1 は x2 (動作)に関してくつろぐ / リラックスする"" data-distance=""0.866667"">surla</a></li><li><a class=""gismu"" rel=""noreferrer"" href=""https://jbovlaste.lojban.org/dict/sutra"" title=""x1 は x2 (動作 / 事)に関して速い / すばやい / 敏速 / 俊敏"" data-distance=""0.866667"">sutra</a></li><li><a class=""gismu"" rel=""noreferrer"" href=""https://jbovlaste.lojban.org/dict/sunga"" title=""x1 は x2 (種類)のニンニク"" data-distance=""0.783333"">sunga</a></li><li><a class=""gismu"" rel=""noreferrer"" href=""https://jbovlaste.lojban.org/dict/sunla"" title=""x1 は x2 (動物種 / 原料)のウール / 羊毛"" data-distance=""0.783333"">sunla</a></li>","D1::ペア・ワード","[sound:snura.mp3]","<img alt=""安全帯を付けた人のイラスト（2本掛け）"" src=""snura.png"" title=""安全帯を付けた人のイラスト（2本掛け）"" ondblclick=""location.href = &quot;https://www.irasutoya.com/2019/09/2_21.html&quot;;"" />"
"1929bec2-3ba3-4dc4-8a17-ec0f7b9d5b9e","ckape","ʃˈkapɛ","gismu","<u class=""se_basna"" title=""アクセント"">cka</u>pe","<var class=""x1"">x<sub>1</sub></var> は <var class=""x2"">x<sub>2</sub></var> にとって <var class=""x3"">x<sub>3</sub></var> (条件)において危険; <var class=""x1"">x<sub>1</sub></var> はおっかない","","<li>危険</li>","<li class=""cimei-lerfu"">cap</li><li class=""vomei-lerfu"">ckap</li>","","<li><a class=""cmavo"" rel=""noreferrer"" href=""https://jbovlaste.lojban.org/dict/te"" title=""cmavo: x1-x3 転換 : selbri の左に付いてPSの x1 と x3 を転換する"">te</a> <a class=""gismu"" rel=""noreferrer"" href=""https://jbovlaste.lojban.org/dict/bandu"" title=""gismu: x1 は x2 (物 / 状態)を x3 (危険 / 脅威 / 可能性)から保護 / 守護する; x1 は x3 にたいして防御する""><u class=""se_basna"">ba</u>ndu</a></li><li><a class=""cmavo"" rel=""noreferrer"" href=""https://jbovlaste.lojban.org/dict/te"" title=""cmavo: x1-x3 転換 : selbri の左に付いてPSの x1 と x3 を転換する"">te</a> <a class=""gismu"" rel=""noreferrer"" href=""https://jbovlaste.lojban.org/dict/kajde"" title=""gismu: x1 は x2 (者)に x3 (危険 / 脅威)を警告する""><u class=""se_basna"">ka</u>jde</a></li><li><a class=""cmavo"" rel=""noreferrer"" href=""https://jbovlaste.lojban.org/dict/te"" title=""cmavo: x1-x3 転換 : selbri の左に付いてPSの x1 と x3 を転換する"">te</a> <a class=""gismu"" rel=""noreferrer"" href=""https://jbovlaste.lojban.org/dict/marbi"" title=""gismu: x1 は x2 を x3 (危険 / 脅威)から護る保護施設 / 避難所 / シェルター""><u class=""se_basna"">ma</u>rbi</a></li><li><a class=""cmavo"" rel=""noreferrer"" href=""https://jbovlaste.lojban.org/dict/se"" title=""cmavo: x1-x2 転換 : selbri の左に付いてPSの x1 と x2 を転換する"">se</a> <a class=""gismu"" rel=""noreferrer"" href=""https://jbovlaste.lojban.org/dict/snura"" title=""gismu: x1 は x2 (事 / 危険)にたいして安全""><u class=""se_basna"">snu</u>ra</a></li><li><a class=""cmavo"" rel=""noreferrer"" href=""https://jbovlaste.lojban.org/dict/se"" title=""cmavo: x1-x2 転換 : selbri の左に付いてPSの x1 と x2 を転換する"">se</a> <a class=""gismu"" rel=""noreferrer"" href=""https://jbovlaste.lojban.org/dict/xalni"" title=""gismu: x1 (者)は x2 (事)に関して慌てる / 恐慌する / 狼狽する / パニック状態にある""><u class=""se_basna"">xa</u>lni</a></li>","","","D1::ペア・ワード","[sound:ckape.mp3]","<img alt=""混ぜるな危険のイラスト（酸性と塩素系）"" src=""ckape.png"" title=""混ぜるな危険のイラスト（酸性と塩素系）"" ondblclick=""location.href = &quot;https://www.irasutoya.com/2020/05/blog-post_4.html&quot;;"" />"
"b71373c4-d3ed-485f-998d-5e4a982c148b","macnu","ˈmaʃnu","gismu","<u class=""se_basna"" title=""アクセント"">ma</u>cnu","<var class=""x1"">x<sub>1</sub></var> (事象)は機能 <var class=""x2"">x<sub>2</sub></var> に関して <var class=""x3"">x<sub>3</sub></var> の条件下で手動(自動ではない)","","<li>手動</li>","<li class=""cimei-lerfu"">cnu</li><li class=""vomei-lerfu"">macn</li>","<li>マニュアル 手動</li>","<li><a class=""gismu"" rel=""noreferrer"" href=""https://jbovlaste.lojban.org/dict/zmiku"" title=""gismu: x1 は x2 (機能)に関して x3 (条件)で自動""><u class=""se_basna"">zmi</u>ku</a></li><li><a class=""gismu"" rel=""noreferrer"" href=""https://jbovlaste.lojban.org/dict/jitro"" title=""gismu: x1 は x2 を x3 (動作 / 事)に関して制御 / 指揮 / 引率する""><u class=""se_basna"">ji</u>tro</a></li>","","<li><a class=""gismu"" rel=""noreferrer"" href=""https://jbovlaste.lojban.org/dict/bancu"" title=""x1 は x2 (境界 / 限度)を x3 (照合点)について x4 (性質 / 数量)だけ越している / 超えている"" data-distance=""0.783333"">bancu</a></li><li><a class=""gismu"" rel=""noreferrer"" href=""https://jbovlaste.lojban.org/dict/fancu"" title=""x1 は x2 (変域 / 定義域)・ x3 (値域)・ x4 (式 / 表現)の関数"" data-distance=""0.783333"">fancu</a></li><li><a class=""gismu"" rel=""noreferrer"" href=""https://jbovlaste.lojban.org/dict/kancu"" title=""x1 は x2 (集合)について x3 (数量)を x4 (単位)で数える"" data-distance=""0.783333"">kancu</a></li><li><a class=""gismu"" rel=""noreferrer"" href=""https://jbovlaste.lojban.org/dict/makcu"" title=""x1 は x2 (性質)に関して成熟している; x1 は成人 / おとな"" data-distance=""0.866667"">makcu</a></li><li><a class=""gismu"" rel=""noreferrer"" href=""https://jbovlaste.lojban.org/dict/manku"" title=""x1 は暗い / 闇"" data-distance=""0.866667"">manku</a></li><li><a class=""gismu"" rel=""noreferrer"" href=""https://jbovlaste.lojban.org/dict/smacu"" title=""x1 は x2 (種類)のハツカネズミ属(マウス等)"" data-distance=""0.866667"">smacu</a></li><li><a class=""gismu"" rel=""noreferrer"" href=""https://jbovlaste.lojban.org/dict/manci"" title=""x1 は x2 に畏敬の念を感じる / 驚嘆する; x1 は x2 を摩訶不思議に思う"" data-distance=""0.783333"">manci</a></li>","D1::ペア・ワード","[sound:macnu.mp3]","<img alt=""駕籠屋・かご屋のイラスト"" src=""macnu.png"" title=""駕籠屋・かご屋のイラスト"" ondblclick=""location.href = &quot;https://www.irasutoya.com/2016/03/blog-post_958.html&quot;;"" />"
"4c8e7805-fd07-4f78-b546-fcca05198b52","zmiku","'zmiku","gismu","<u class=""se_basna"" title=""アクセント"">zmi</u>ku","<var class=""x1"">x<sub>1</sub></var> は <var class=""x2"">x<sub>2</sub></var> (機能)に関して <var class=""x3"">x<sub>3</sub></var> (条件)で自動","","<li>自動</li>","<li class=""cimei-lerfu"">zmi</li><li class=""vomei-lerfu"">zmik</li>","<li>&lt;ずっとミックス&gt;自動で黒ずみくすむ</li>","<li><a class=""gismu"" rel=""noreferrer"" href=""https://jbovlaste.lojban.org/dict/macnu"" title=""gismu: x1 (事象)は機能 x2 に関して x3 の条件下で手動(自動ではない)""><u class=""se_basna"">ma</u>cnu</a></li>","","","D1::ペア・ワード","[sound:zmiku.mp3]","<img alt=""自動生産ラインのイラスト"" src=""zmiku.png"" title=""自動生産ラインのイラスト"" ondblclick=""location.href = &quot;https://www.irasutoya.com/2015/09/blog-post_504.html&quot;;"" />"
"57360e91-a14e-47de-9b25-251312c1da64","jinru","ˈʒinru","gismu","<u class=""se_basna"" title=""アクセント"">ji</u>nru","<var class=""x1"">x<sub>1</sub></var> は <var class=""x2"">x<sub>2</sub></var> に漬かる / 浸かる / 沈む / 潜る","比喩的に「没頭する」「夢中になる」も。","<li>沈む</li>","<li class=""cimei-lerfu"">jir</li><li class=""vomei-lerfu"">jinr</li>","<li>jin(浸)</li><li>immerse</li>","<li><a class=""gismu"" rel=""noreferrer"" href=""https://jbovlaste.lojban.org/dict/lumci"" title=""gismu: x1 は x2 の汚れ x3 を洗浄剤 / 用具 x4 で洗う""><u class=""se_basna"">lu</u>mci</a></li><li><a class=""gismu"" rel=""noreferrer"" href=""https://jbovlaste.lojban.org/dict/nenri"" title=""gismu: x1 は x2 の中(にある); x1 は内部 / 内側; x2 は x1 を内蔵する""><u class=""se_basna"">ne</u>nri</a></li><li><a class=""gismu"" rel=""noreferrer"" href=""https://jbovlaste.lojban.org/dict/jinsa"" title=""gismu: x1 は x2 (汚れ)を x3 (観点)において持っていない; x1 は汚れていない / 清らか""><u class=""se_basna"">ji</u>nsa</a></li>","","<li><a class=""gismu"" rel=""noreferrer"" href=""https://jbovlaste.lojban.org/dict/jijnu"" title=""x1 は x2 (命題)を x3 (題目)について直感する / 勘づく"" data-distance=""0.866667"">jijnu</a></li><li><a class=""gismu"" rel=""noreferrer"" href=""https://jbovlaste.lojban.org/dict/jikru"" title=""x1 は x2 (原料)の蒸留から出来た酒 / アルコール飲料"" data-distance=""0.866667"">jikru</a></li><li><a class=""gismu"" rel=""noreferrer"" href=""https://jbovlaste.lojban.org/dict/jinku"" title=""x1 は x2 を x3 (病気 / 疾病 / 疾患)から x4 (接種方法)によって護るワクチン / 痘苗 / 血清 / 予防接種"" data-distance=""0.866667"">jinku</a></li><li><a class=""gismu"" rel=""noreferrer"" href=""https://jbovlaste.lojban.org/dict/jvinu"" title=""x1 は x2 (物 / 所)・ x3 (観点)の景観 / 景色 / 光景"" data-distance=""0.866667"">jvinu</a></li><li><a class=""gismu"" rel=""noreferrer"" href=""https://jbovlaste.lojban.org/dict/jirna"" title=""x1 は x2 (本体)の角 / 触角"" data-distance=""0.783333"">jirna</a></li><li><a class=""gismu"" rel=""noreferrer"" href=""https://jbovlaste.lojban.org/dict/virnu"" title=""x1 は x2 (事)に関して x3 (基準)で勇敢 / 勇ましい / 雄々しい / 英雄的"" data-distance=""0.783333"">virnu</a></li>","D1::ペア・ワード","[sound:jinru.mp3]","<img alt=""レンズ沼のイラスト（女性）"" src=""jinru.png"" title=""レンズ沼のイラスト（女性）"" ondblclick=""location.href = &quot;https://www.irasutoya.com/2019/06/blog-post_80.html&quot;;"" />"
"26501b2e-39bc-4ebe-9b1c-ea787713cb1e","fulta","ˈfulta","gismu","<u class=""se_basna"" title=""アクセント"">fu</u>lta","<var class=""x1"">x<sub>1</sub></var> は <var class=""x2"">x<sub>2</sub></var> (気体 / 液体)に浮かぶ; <var class=""x1"">x<sub>1</sub></var> は浮遊物","","<li>浮かぶ</li>","<li class=""cimei-lerfu"">ful</li><li class=""cimei-lerfu"">flu</li><li class=""vomei-lerfu"">fult</li>","","<li><a class=""gismu"" rel=""noreferrer"" href=""https://jbovlaste.lojban.org/dict/limna"" title=""gismu: x1 は x2 (液体)中を泳ぐ / 水泳する""><u class=""se_basna"">li</u>mna</a></li><li><a class=""gismu"" rel=""noreferrer"" href=""https://jbovlaste.lojban.org/dict/bloti"" title=""gismu: x1 は x2 (客 / 荷)・ x3 (原動力)の船 / ボート""><u class=""se_basna"">blo</u>ti</a></li><li><a class=""gismu"" rel=""noreferrer"" href=""https://jbovlaste.lojban.org/dict/sakli"" title=""gismu: x1 は x2 を滑る""><u class=""se_basna"">sa</u>kli</a></li>","","<li><a class=""gismu"" rel=""noreferrer"" href=""https://jbovlaste.lojban.org/dict/gluta"" title=""x1 は材質 x2 の手袋 / グローブ / ミトン"" data-distance=""0.783333"">gluta</a></li><li><a class=""gismu"" rel=""noreferrer"" href=""https://jbovlaste.lojban.org/dict/pluta"" title=""x1 は x2 (終点)・ x3 (起点)・ x4 (途中の点の集合)の経路 / 道筋"" data-distance=""0.783333"">pluta</a></li><li><a class=""gismu"" rel=""noreferrer"" href=""https://jbovlaste.lojban.org/dict/xutla"" title=""x1 は滑らか / すべすべ / つるうるしている"" data-distance=""0.783333"">xutla</a></li>","D1::ペア・ワード","[sound:fulta.mp3]","<img alt=""ドライヤーでピンポン玉を浮かせるイラスト"" src=""fulta.png"" title=""ドライヤーでピンポン玉を浮かせるイラスト"" ondblclick=""location.href = &quot;https://www.irasutoya.com/2020/02/blog-post_89.html&quot;;"" />"
"1225ccbe-afe2-4a9e-aaf7-c57c095e72e9","zifre","ˈzifrɛ","gismu","<u class=""se_basna"" title=""アクセント"">zi</u>fre","<var class=""x1"">x<sub>1</sub></var> は自由である、 <var class=""x2"">x<sub>2</sub></var> (事 / 状態)になることにおいて、 <var class=""x3"">x<sub>3</sub></var> という条件で","「制限されない」「 <var class=""x1"">x<sub>1</sub></var> は自主性がある｣ 「 <var class=""x1"">x<sub>1</sub></var> は <var class=""x2"">x<sub>2</sub></var> を随意にできる」","<li>自由</li>","<li class=""cimei-lerfu"">zif</li><li class=""cimei-lerfu"">zi'e</li><li class=""vomei-lerfu"">zifr</li>","<li>&lt;ずい分フレッシュ&gt;</li><li>free</li>","<li><a class=""gismu"" rel=""noreferrer"" href=""https://jbovlaste.lojban.org/dict/pinfu"" title=""gismu: x1 は x2 (拘束者)の x3 (収容方法)による囚人; x1 は囚われの身""><u class=""se_basna"">pi</u>nfu</a></li><li><a class=""gismu"" rel=""noreferrer"" href=""https://jbovlaste.lojban.org/dict/rinju"" title=""gismu: x1 は x2 (抑制力)によって x3 (事)にたいして拘束 / 制限されている; x1 は x2 のせいで x3 ができない; x2 は x1 を束縛する""><u class=""se_basna"">ri</u>nju</a></li><li><a class=""gismu"" rel=""noreferrer"" href=""https://jbovlaste.lojban.org/dict/bilga"" title=""gismu: x1 は x2 (行為)を x3 (協定 / 契約 / 常識)のために遂行する義務を負っている; x1 は x2 をしなければならない""><u class=""se_basna"">bi</u>lga</a></li><li><a class=""gismu"" rel=""noreferrer"" href=""https://jbovlaste.lojban.org/dict/curmi"" title=""gismu: x1 (者)は x2 (事)を x3 (条件)において許容 / 許可する""><u class=""se_basna"">cu</u>rmi</a></li><li><a class=""gismu"" rel=""noreferrer"" href=""https://jbovlaste.lojban.org/dict/kakne"" title=""gismu: x1 は x2 (事)が x3 (条件)においてできる; x1 は有能""><u class=""se_basna"">ka</u>kne</a></li><li><a class=""gismu"" rel=""noreferrer"" href=""https://jbovlaste.lojban.org/dict/frili"" title=""gismu: x1 (事)は x2 (者)にとって x3 (条件)において簡単 / 容易; x2 は x1 をた易くこなす""><u class=""se_basna"">fri</u>li</a></li>","<div class=""mupli""><p lang=""jbo""><span class=""cmavo"" ondblclick=""location.href = &quot;https://jbovlaste.lojban.org/dict/mi&quot;;"" title=""cmavo: 話し手(聞き手&amp;その他以外) : 代詞(sumti)"">mi</span> <span class=""gismu"" ondblclick=""location.href = &quot;https://jbovlaste.lojban.org/dict/zifre&quot;;"" title=""gismu: x1 は自由である、 x2 (事 / 状態)になることにおいて、 x3 という条件で""><u class=""se_basna"">zi</u>fre</span> <span class=""cmavo"" ondblclick=""location.href = &quot;https://jbovlaste.lojban.org/dict/lo&quot;;"" title=""cmavo: それであるもの : 冠詞(客観系); selbri を冠する; 指示対象は真にその selbri に当てはまる"">lo</span> <span class=""cmavo"" ondblclick=""location.href = &quot;https://jbovlaste.lojban.org/dict/nu&quot;;"" title=""cmavo: 事象抽象 : 抽象詞; bridi の左に付いて、その bridi が内包する事象を抽出する; 抽象の焦点となる sumti を「ce'u」に替えて置ける; bridi の範囲を含めた全体が1つの selbri となる; 冠詞を左に加えると sumti になる; x1 は[bridi]に表される事象"">nu</span> <span class=""gismu"" ondblclick=""location.href = &quot;https://jbovlaste.lojban.org/dict/jamfu&quot;;"" title=""gismu: x1 は x2 (本体)の足""><u class=""se_basna"">ja</u>mfu</span> <span class=""gismu"" ondblclick=""location.href = &quot;https://jbovlaste.lojban.org/dict/muvdu&quot;;"" title=""gismu: x1 (物)は x2 (終点)に x3 (始点)から x4 (経路)にわたって動く; x1 は動的""><u class=""se_basna"">mu</u>vdu</span></p><p lang=""ja"">私は足を自由に動かせる</p></div>","","D1::ペア・ワード","[sound:zifre.mp3]","<img alt=""自由の女神像のイラスト"" src=""zifre.png"" title=""自由の女神像のイラスト"" ondblclick=""location.href = &quot;https://www.irasutoya.com/2012/07/blog-post_15.html&quot;;"" />"
"80d6b12e-9cc7-4ab2-825d-b13b5167990a","bilga","ˈbilga","gismu","<u class=""se_basna"" title=""アクセント"">bi</u>lga","<var class=""x1"">x<sub>1</sub></var> は <var class=""x2"">x<sub>2</sub></var> (行為)を <var class=""x3"">x<sub>3</sub></var> (協定 / 契約 / 常識)のために遂行する義務を負っている; <var class=""x1"">x<sub>1</sub></var> は <var class=""x2"">x<sub>2</sub></var> をしなければならない","","<li>義務</li>","<li class=""cimei-lerfu"">big</li><li class=""vomei-lerfu"">bilg</li>","<li>&lt;ビルで外交&gt;</li><li>oblige</li><li>obligado</li>","<li><a class=""gismu"" rel=""noreferrer"" href=""https://jbovlaste.lojban.org/dict/zifre"" title=""gismu: x1 は自由である、 x2 (事 / 状態)になることにおいて、 x3 という条件で""><u class=""se_basna"">zi</u>fre</a></li><li><a class=""gismu"" rel=""noreferrer"" href=""https://jbovlaste.lojban.org/dict/fuzme"" title=""gismu: x1 は x2 (事)について x3 (断裁 / 権限)の観点で責任がある""><u class=""se_basna"">fu</u>zme</a></li>","","<li><a class=""gismu"" rel=""noreferrer"" href=""https://jbovlaste.lojban.org/dict/bikla"" title=""x1 はビュッと動く / パチッとする"" data-distance=""0.866667"">bikla</a></li><li><a class=""gismu"" rel=""noreferrer"" href=""https://jbovlaste.lojban.org/dict/bilma"" title=""x1 は x2 (症状)の x3 (病)を患っている"" data-distance=""0.866667"">bilma</a></li><li><a class=""gismu"" rel=""noreferrer"" href=""https://jbovlaste.lojban.org/dict/cigla"" title=""x1 は x2 (分泌物)・ x3 (本体)の分泌腺; x1 は x2 を分泌する"" data-distance=""0.783333"">cigla</a></li><li><a class=""gismu"" rel=""noreferrer"" href=""https://jbovlaste.lojban.org/dict/pilka"" title=""x1 は x2 を覆う皮 / 外面 / 表層"" data-distance=""0.733333"">pilka</a></li>","D1::ペア・ワード","[sound:bilga.mp3]","<img alt=""重いローンのイラスト"" src=""bilga.png"" title=""重いローンのイラスト"" ondblclick=""location.href = &quot;https://www.irasutoya.com/2016/03/blog-post_575.html&quot;;"" />"
"9ec84c7c-9e95-4857-8e00-b30e63511b29","rarna","ˈrarna","gismu","<u class=""se_basna"" title=""アクセント"">ra</u>rna","<var class=""x1"">x<sub>1</sub></var> は自然 / 天然 / 本能的 / 自発的","","<li>自然</li>","<li class=""cimei-lerfu"">rar</li><li class=""vomei-lerfu"">rarn</li>","<li>ziran(自然)</li><li>natural</li>","<li><a class=""gismu"" rel=""noreferrer"" href=""https://jbovlaste.lojban.org/dict/rutni"" title=""gismu: x1 は民族 x2 が作った / 生み出した人工物 / 人為的な物""><u class=""se_basna"">ru</u>tni</a></li><li><a class=""gismu"" rel=""noreferrer"" href=""https://jbovlaste.lojban.org/dict/jinzi"" title=""gismu: x1 (性質)は x2 に内在する; x2 は本質的に x1""><u class=""se_basna"">ji</u>nzi</a></li><li><a class=""gismu"" rel=""noreferrer"" href=""https://jbovlaste.lojban.org/dict/nurma"" title=""gismu: x1 は x2 (地域)の田舎 / 農村; x1 は田舎っぽい / 牧歌的 / “ダサい”""><u class=""se_basna"">nu</u>rma</a></li><li><a class=""gismu"" rel=""noreferrer"" href=""https://jbovlaste.lojban.org/dict/stati"" title=""gismu: x1 には x2 (事 / 行為)の才能 / 素質がある""><u class=""se_basna"">sta</u>ti</a></li>","","<li><a class=""gismu"" rel=""noreferrer"" href=""https://jbovlaste.lojban.org/dict/barna"" title=""x1 は x2 上にある材質 x3 の斑点 / 染み / つぎあて / 印"" data-distance=""0.866667"">barna</a></li><li><a class=""gismu"" rel=""noreferrer"" href=""https://jbovlaste.lojban.org/dict/carna"" title=""x1 は x2 を軸として x3 の向きに回る / 回転する / 周回する / 旋回する"" data-distance=""0.866667"">carna</a></li><li><a class=""gismu"" rel=""noreferrer"" href=""https://jbovlaste.lojban.org/dict/farna"" title=""x1 は x2 (物 / 事)・ x3 (照合枠)の向き / 方向 / 方角; x3 から観て x2 は x1 のほうにある"" data-distance=""0.866667"">farna</a></li><li><a class=""gismu"" rel=""noreferrer"" href=""https://jbovlaste.lojban.org/dict/ganra"" title=""x1 は x2 (次元)・ x3 (基準)において広い / 幅がある / ワイド"" data-distance=""0.783333"">ganra</a></li><li><a class=""gismu"" rel=""noreferrer"" href=""https://jbovlaste.lojban.org/dict/garna"" title=""x1 は x2 を支える / 抑える、 x3 (素材)のレール / 線路 / 横木 / 手すり / 軌条 / バー"" data-distance=""0.866667"">garna</a></li><li><a class=""gismu"" rel=""noreferrer"" href=""https://jbovlaste.lojban.org/dict/grana"" title=""x1 は x2 (素材)の杖 / さお / ステッキ / ロッド"" data-distance=""0.866667"">grana</a></li><li><a class=""gismu"" rel=""noreferrer"" href=""https://jbovlaste.lojban.org/dict/marna"" title=""x1 は x2 (種類)の麻 / 大麻 / マリファナ"" data-distance=""0.866667"">marna</a></li><li><a class=""gismu"" rel=""noreferrer"" href=""https://jbovlaste.lojban.org/dict/panra"" title=""x1 は x2 に、 x3 (性質)の相違を伴いながら、 x4 (基準)において対応する / 並立的である"" data-distance=""0.783333"">panra</a></li><li><a class=""gismu"" rel=""noreferrer"" href=""https://jbovlaste.lojban.org/dict/randa"" title=""x1 は x2 (力 / 者)にたいして x3 (条件)のもと降伏 / 降参 / 譲歩する"" data-distance=""0.866667"">randa</a></li><li><a class=""gismu"" rel=""noreferrer"" href=""https://jbovlaste.lojban.org/dict/srana"" title=""x1 は x2 に関連する / 関係がある"" data-distance=""0.866667"">srana</a></li>","D1::ペア・ワード","[sound:rarna.mp3]","<img alt=""ナイアガラの滝のイラスト"" src=""rarna.png"" title=""ナイアガラの滝のイラスト"" ondblclick=""location.href = &quot;https://www.irasutoya.com/2015/02/blog-post_94.html&quot;;"" />"
"3c7d71aa-94fe-4305-9271-bca95e727efc","rutni","ˈrutni","gismu","<u class=""se_basna"" title=""アクセント"">ru</u>tni","<var class=""x1"">x<sub>1</sub></var> は民族 <var class=""x2"">x<sub>2</sub></var> が作った / 生み出した人工物 / 人為的な物","","<li>人工</li>","<li class=""cimei-lerfu"">run</li><li class=""vomei-lerfu"">rutn</li>","<li>人工ルートに</li>","<li><a class=""gismu"" rel=""noreferrer"" href=""https://jbovlaste.lojban.org/dict/rarna"" title=""gismu: x1 は自然 / 天然 / 本能的 / 自発的""><u class=""se_basna"">ra</u>rna</a></li><li><a class=""cmavo"" rel=""noreferrer"" href=""https://jbovlaste.lojban.org/dict/se"" title=""cmavo: x1-x2 転換 : selbri の左に付いてPSの x1 と x2 を転換する"">se</a> <a class=""gismu"" rel=""noreferrer"" href=""https://jbovlaste.lojban.org/dict/zbasu"" title=""gismu: x1 は x2 を x3 (素材)から造る / 作る / 工作する""><u class=""se_basna"">zba</u>su</a></li><li><a class=""gismu"" rel=""noreferrer"" href=""https://jbovlaste.lojban.org/dict/gundi"" title=""gismu: x1 は x2 (生産物)・ x3 (方法)の工業 / 製造業""><u class=""se_basna"">gu</u>ndi</a></li><li><a class=""gismu"" rel=""noreferrer"" href=""https://jbovlaste.lojban.org/dict/slasi"" title=""gismu: x1 は x2 (種類 / 成分)のプラスチック / ビニール / 合成樹脂""><u class=""se_basna"">sla</u>si</a></li>","","<li><a class=""gismu"" rel=""noreferrer"" href=""https://jbovlaste.lojban.org/dict/kunti"" title=""x1 は x2 (内容)が無い; x1 は空っぽ"" data-distance=""0.783333"">kunti</a></li><li><a class=""gismu"" rel=""noreferrer"" href=""https://jbovlaste.lojban.org/dict/pruni"" title=""x1 は弾性がある / 柔らかい / 伸縮可能"" data-distance=""0.866667"">pruni</a></li><li><a class=""gismu"" rel=""noreferrer"" href=""https://jbovlaste.lojban.org/dict/ranti"" title=""x1 は x2 (力)にたいして x3 (条件)のもと軟らかい"" data-distance=""0.783333"">ranti</a></li><li><a class=""gismu"" rel=""noreferrer"" href=""https://jbovlaste.lojban.org/dict/ratni"" title=""x1 は x2 (元素 / 原子番号)・ x3 (原子量)の原子"" data-distance=""0.866667"">ratni</a></li><li><a class=""gismu"" rel=""noreferrer"" href=""https://jbovlaste.lojban.org/dict/runta"" title=""x1 は x2 (溶媒)の中で分解 / 分散し、 x3 (溶液)を成す、 x4 (条件)において; x1 はばらける"" data-distance=""0.783333"">runta</a></li><li><a class=""gismu"" rel=""noreferrer"" href=""https://jbovlaste.lojban.org/dict/xruti"" title=""x1 (者)は x2 (対象)を x3 に x4 から戻す / 返す; x2 は x3 に戻る / 帰る"" data-distance=""0.866667"">xruti</a></li><li><a class=""gismu"" rel=""noreferrer"" href=""https://jbovlaste.lojban.org/dict/zunti"" title=""x1 (事)は x2 (事)に、 x3 (性質)に関して干渉する / わりこむ"" data-distance=""0.783333"">zunti</a></li>","D1::ペア・ワード","[sound:rutni.mp3]","<img alt=""ペットロボットのイラスト（犬）"" src=""rutni.png"" title=""ペットロボットのイラスト（犬）"" ondblclick=""location.href = &quot;https://www.irasutoya.com/2020/11/blog-post_67.html&quot;;"" />"
"e148ef9a-530a-4644-943d-d6e3d3737f27","sirji","ˈsirʒi","gismu","<u class=""se_basna"" title=""アクセント"">si</u>rji","<var class=""x1"">x<sub>1</sub></var> は <var class=""x2"">x<sub>2</sub></var> ・ <var class=""x3"">x<sub>3</sub></var> の間でまっすぐ / 直線的 / 直接的","","<li>まっすぐ</li>","<li class=""cimei-lerfu"">sir</li><li class=""vomei-lerfu"">sirj</li>","","<li><a class=""gismu"" rel=""noreferrer"" href=""https://jbovlaste.lojban.org/dict/korcu"" title=""gismu: x1 は曲がっている / 歪んでいる / ねじれている""><u class=""se_basna"">ko</u>rcu</a></li><li><a class=""gismu"" rel=""noreferrer"" href=""https://jbovlaste.lojban.org/dict/linji"" title=""gismu: x1 は x2 (点集合)の間の線""><u class=""se_basna"">li</u>nji</a></li><li><a class=""gismu"" rel=""noreferrer"" href=""https://jbovlaste.lojban.org/dict/kruvi"" title=""gismu: x1 は x2 (本体)・ x3 (箇所)における x4 (特性)の湾曲; x1 は曲線; x2 は曲がっている""><u class=""se_basna"">kru</u>vi</a></li><li><a class=""gismu"" rel=""noreferrer"" href=""https://jbovlaste.lojban.org/dict/kuspe"" title=""gismu: x1 は x2 (間隔 / 領域)にわたる; x2 は x1 の範囲 / 範疇""><u class=""se_basna"">ku</u>spe</a></li>","<div class=""mupli""><p lang=""jbo""><span class=""cmavo"" ondblclick=""location.href = &quot;https://jbovlaste.lojban.org/dict/zu'a&quot;;"" title=""cmavo: 〜の左方に / 左側で : 間制詞(空間・方向)"">zu'a</span> <span class=""gismu"" ondblclick=""location.href = &quot;https://jbovlaste.lojban.org/dict/cmana&quot;;"" title=""gismu: x1 は x2 から突き出ている山""><u class=""se_basna"">cma</u>na</span> .<span class=""cmavo"" ondblclick=""location.href = &quot;https://jbovlaste.lojban.org/dict/i&quot;;"" title=""cmavo: 文境界 : 境界詞; 文の境界を示す"">i</span> <span class=""cmavo"" ondblclick=""location.href = &quot;https://jbovlaste.lojban.org/dict/ri'u&quot;;"" title=""cmavo: 〜の右方に / 〜の右側で : 間制詞(空間・方向)"">ri'u</span> <span class=""gismu"" ondblclick=""location.href = &quot;https://jbovlaste.lojban.org/dict/xamsi&quot;;"" title=""gismu: x1 は x2 (領域 / 惑星)・ x3 (液体成分)の海 / 海洋""><u class=""se_basna"">xa</u>msi</span> .<span class=""cmavo"" ondblclick=""location.href = &quot;https://jbovlaste.lojban.org/dict/i&quot;;"" title=""cmavo: 文境界 : 境界詞; 文の境界を示す"">i</span> <span class=""cmavo"" ondblclick=""location.href = &quot;https://jbovlaste.lojban.org/dict/fo&quot;;"" title=""cmavo: 4番目の terbri : 標識; terbri の左に付いてPS上の本来の位置を表す"">fo</span> <span class=""cmavo"" ondblclick=""location.href = &quot;https://jbovlaste.lojban.org/dict/le&quot;;"" title=""cmavo: 形容されたもの : 冠詞(主観系); selbri を冠する; 指示対象は必ずしもその selbri に真に当てはまるとは限らない"">le</span> <span class=""cmavo"" ondblclick=""location.href = &quot;https://jbovlaste.lojban.org/dict/pa&quot;;"" title=""cmavo: 1 : 数量詞"">pa</span> <span class=""gismu"" ondblclick=""location.href = &quot;https://jbovlaste.lojban.org/dict/sirji&quot;;"" title=""gismu: x1 は x2 ・ x3 の間でまっすぐ / 直線的 / 直接的""><u class=""se_basna"">si</u>rji</span> <span class=""gismu"" ondblclick=""location.href = &quot;https://jbovlaste.lojban.org/dict/pluta&quot;;"" title=""gismu: x1 は x2 (終点)・ x3 (起点)・ x4 (途中の点の集合)の経路 / 道筋""><u class=""se_basna"">plu</u>ta</span> <span class=""cmavo"" ondblclick=""location.href = &quot;https://jbovlaste.lojban.org/dict/fa&quot;;"" title=""cmavo: 1番目の terbri : 標識; terbri の左に付いてPS上の本来の位置を表す"">fa</span> <span class=""cmavo"" ondblclick=""location.href = &quot;https://jbovlaste.lojban.org/dict/lo&quot;;"" title=""cmavo: それであるもの : 冠詞(客観系); selbri を冠する; 指示対象は真にその selbri に当てはまる"">lo</span> <span class=""gismu"" ondblclick=""location.href = &quot;https://jbovlaste.lojban.org/dict/litru&quot;;"" title=""gismu: x1 は x2 (経路)を x3 (方法)で旅する; x1 は旅人""><u class=""se_basna"">li</u>tru</span> <span class=""cmavo"" ondblclick=""location.href = &quot;https://jbovlaste.lojban.org/dict/cu&quot;;"" title=""cmavo: selbri隔離 : 先行の項や名辞からselbriを隔離する; 省略可能"">cu</span> <span class=""gismu"" ondblclick=""location.href = &quot;https://jbovlaste.lojban.org/dict/klama&quot;;"" title=""gismu: x1 は x2 (終点)に x3 (起点)から x4 (経路)を x5 (方法)で行く / 来る""><u class=""se_basna"">kla</u>ma</span></p><p lang=""ja"" title=""山頭火「行乞記(二)」"">左は山、右は海、その一筋道を旅人は行く</p></div>","<li><a class=""gismu"" rel=""noreferrer"" href=""https://jbovlaste.lojban.org/dict/sarji"" title=""x1 は x2 を x3 (力 / 抵抗)にたいして x4 (仕組 / 道具 / 手段)によって補強する / 支持する"" data-distance=""0.866667"">sarji</a></li><li><a class=""gismu"" rel=""noreferrer"" href=""https://jbovlaste.lojban.org/dict/skiji"" title=""x1 は x2 (表面)を x3 (者 / 荷)が滑るためのスキー板 / そり / スケート"" data-distance=""0.866667"">skiji</a></li><li><a class=""gismu"" rel=""noreferrer"" href=""https://jbovlaste.lojban.org/dict/sliri"" title=""x1 は硫黄(S)"" data-distance=""0.866667"">sliri</a></li><li><a class=""gismu"" rel=""noreferrer"" href=""https://jbovlaste.lojban.org/dict/sraji"" title=""x1 は x2 (照合枠)において縦 / 垂直"" data-distance=""0.866667"">sraji</a></li>","D1::ペア・ワード","[sound:sirji.mp3]","<img alt=""陸上トラックのイラスト（正面から）"" src=""sirji.png"" title=""陸上トラックのイラスト（正面から）"" ondblclick=""location.href = &quot;https://www.irasutoya.com/2016/10/blog-post_222.html&quot;;"" />"
"ca4149d5-6778-4c53-9e88-b92dcbe04749","korcu","ˈkorʃu","gismu","<u class=""se_basna"" title=""アクセント"">ko</u>rcu","<var class=""x1"">x<sub>1</sub></var> は曲がっている / 歪んでいる / ねじれている","","<li>歪む</li>","<li class=""cimei-lerfu"">kro</li><li class=""vomei-lerfu"">korc</li>","","<li><a class=""gismu"" rel=""noreferrer"" href=""https://jbovlaste.lojban.org/dict/cinje"" title=""gismu: x1 は x2 (箇所)におけるしわ; x2 はくしゃくしゃ""><u class=""se_basna"">ci</u>nje</a></li><li><a class=""gismu"" rel=""noreferrer"" href=""https://jbovlaste.lojban.org/dict/klupe"" title=""gismu: x1 は x2 のための、ねじ山 x3 (ねじ山の間隔・材質)・ねじ穴 x4 (サイズ・材質)のねじ / ボルト""><u class=""se_basna"">klu</u>pe</a></li><li><a class=""gismu"" rel=""noreferrer"" href=""https://jbovlaste.lojban.org/dict/kruvi"" title=""gismu: x1 は x2 (本体)・ x3 (箇所)における x4 (特性)の湾曲; x1 は曲線; x2 は曲がっている""><u class=""se_basna"">kru</u>vi</a></li><li><a class=""gismu"" rel=""noreferrer"" href=""https://jbovlaste.lojban.org/dict/polje"" title=""gismu: x1 (力)は x2 (対象本体)・ x3 (対象箇所)をシワにする / 折り目をつける""><u class=""se_basna"">po</u>lje</a></li><li><a class=""gismu"" rel=""noreferrer"" href=""https://jbovlaste.lojban.org/dict/sarlu"" title=""gismu: x1 は x2 (端 / たん)・ x3 (次元)の螺旋 / 渦巻き""><u class=""se_basna"">sa</u>rlu</a></li><li><a class=""gismu"" rel=""noreferrer"" href=""https://jbovlaste.lojban.org/dict/sirji"" title=""gismu: x1 は x2 ・ x3 の間でまっすぐ / 直線的 / 直接的""><u class=""se_basna"">si</u>rji</a></li><li><a class=""gismu"" rel=""noreferrer"" href=""https://jbovlaste.lojban.org/dict/bargu"" title=""gismu: x1 は x2 に掛かる / を縁取る x3 (素材)のアーチ""><u class=""se_basna"">ba</u>rgu</a></li><li><a class=""gismu"" rel=""noreferrer"" href=""https://jbovlaste.lojban.org/dict/genxu"" title=""gismu: x1 は x2 (素材)の鉤 / 留め金 / ホック""><u class=""se_basna"">ge</u>nxu</a></li>","","<li><a class=""gismu"" rel=""noreferrer"" href=""https://jbovlaste.lojban.org/dict/komcu"" title=""x1 は x2 (素材)・ x3 (針状物)からなる櫛 / 梳き具"" data-distance=""0.866667"">komcu</a></li><li><a class=""gismu"" rel=""noreferrer"" href=""https://jbovlaste.lojban.org/dict/sorcu"" title=""x1 は x2 (資源 / エネルギー)の、 x3 (容器)による貯蔵 / 蓄積"" data-distance=""0.866667"">sorcu</a></li>","D1::ペア・ワード","[sound:korcu.mp3]","<img alt=""陸上トラックのイラスト(斜めから)"" src=""korcu.png"" title=""陸上トラックのイラスト(斜めから)"" ondblclick=""location.href = &quot;https://www.irasutoya.com/2016/10/blog-post_336.html&quot;;"" />"
