"87420de6-df8f-49f3-b9bf-bff2b246c972","masno","ˈmasno","gismu","<u class=""se_basna"" title=""アクセント"">ma</u>sno","<var class=""x1"" lang="""">x<sub>1</sub></var> は <var class=""x2"" lang="""">x<sub>2</sub></var> (事)に関して速度的に遅い / のろい / もたもたする",,"<li>遅い(速度)</li>","<li class=""cimei-lerfu"">sno</li><li class=""vomei-lerfu"">masn</li>","<li>遅いでございますの</li>","<li><a class=""gismu"" href=""https://jbovlaste.lojban.org/dict/sutra"" title=""x1 は x2 (動作 / 事)に関して速い / すばやい / 敏速 / 俊敏""><u class=""se_basna"">su</u>tra</a></li>",,"D1::ペア・ワード","[sound:masno.flac]"
"7f5e4faa-1c1b-4667-834b-15760c413fbf","sutra","ˈsutra","gismu","<u class=""se_basna"" title=""アクセント"">su</u>tra","<var class=""x1"" lang="""">x<sub>1</sub></var> は <var class=""x2"" lang="""">x<sub>2</sub></var> (動作 / 事)に関して速い / すばやい / 敏速 / 俊敏",,"<li>速い</li>","<li class=""cimei-lerfu"">sut</li><li class=""vomei-lerfu"">sutr</li>","<li>速く越すトラック</li>","<li><a class=""gismu"" href=""https://jbovlaste.lojban.org/dict/masno"" title=""x1 は x2 (事)に関して速度的に遅い / のろい / もたもたする""><u class=""se_basna"">ma</u>sno</a></li>","<div class=""mupli""><p lang=""jbo""><span class=""cmavo"" ondblclick=""location.href = &quot;https://jbovlaste.lojban.org/dict/le&quot;"" title=""形容されたもの : 冠詞(主観系); selbri を冠する; 指示対象は必ずしもその selbri に真に当てはまるとは限らない"">le</span> <span class=""gismu"" ondblclick=""location.href = &quot;https://jbovlaste.lojban.org/dict/lenku&quot;"" title=""x1 は x2 (基準)において冷たい / 涼しい""><u class=""se_basna"">le</u>nku</span> <span class=""gismu"" ondblclick=""location.href = &quot;https://jbovlaste.lojban.org/dict/dilnu&quot;"" title=""x1 は x2 (物質)・ x3 (大気成分)・ x4 (層)の雲""><u class=""se_basna"">di</u>lnu</span> <span class=""cmavo"" ondblclick=""location.href = &quot;https://jbovlaste.lojban.org/dict/cu&quot;"" title=""selbri隔離 : 先行の項や名辞からselbriを隔離する; 省略可能"">cu</span> <span class=""lujvo"" ondblclick=""location.href = &quot;https://jbovlaste.lojban.org/dict/sutkla&quot;""><u class=""se_basna"">su</u>tkla</span> <span class=""cmavo"" ondblclick=""location.href = &quot;https://jbovlaste.lojban.org/dict/a'i&quot;"" title=""努力 (a'i 努力 - a'icu'i 余裕 - a'inai 休息)"">a'i</span><span class=""cmavo"" ondblclick=""location.href = &quot;https://jbovlaste.lojban.org/dict/dai&quot;"" title=""共感"">d<u class=""relkarsna"">ai</u></span></p><p lang=""ja"" title=""山頭火「行乞記(二)」"">寒い雲がいそぐ</p></div>","D1::ペア・ワード","[sound:sutra.flac]"
"8132e6ed-dc98-4a81-949e-e1af0dfc05a7","frili","'frili","gismu","<u class=""se_basna"" title=""アクセント"">fri</u>li","<var class=""x1"" lang="""">x<sub>1</sub></var> (事)は <var class=""x2"" lang="""">x<sub>2</sub></var> (者)にとって <var class=""x3"" lang="""">x<sub>3</sub></var> (条件)において簡単 / 容易; <var class=""x2"" lang="""">x<sub>2</sub></var> は <var class=""x1"" lang="""">x<sub>1</sub></var> をた易くこなす",,"<li>容易</li>","<li class=""cimei-lerfu"">fil</li><li class=""vomei-lerfu"">fril</li>",,"<li><a class=""gismu"" href=""https://jbovlaste.lojban.org/dict/nandu"" title=""x1 は x2 にとって、 x3 (条件)のもと難しい / 難関""><u class=""se_basna"">na</u>ndu</a></li><li><a class=""gismu"" href=""https://jbovlaste.lojban.org/dict/sampu"" title=""x1 は x2 (性質)に関して簡単 / 単純""><u class=""se_basna"">sa</u>mpu</a></li><li><a class=""gismu"" href=""https://jbovlaste.lojban.org/dict/zifre"" title=""x1 は自由である、 x2 (事 / 状態)になることにおいて、 x3 という条件で""><u class=""se_basna"">zi</u>fre</a></li>",,"D1::ペア・ワード","[sound:frili.flac]"
"0113e15d-6ee0-49d3-9e2d-58697fdaa203","nandu","ˈnandu","gismu","<u class=""se_basna"" title=""アクセント"">na</u>ndu","<var class=""x1"" lang="""">x<sub>1</sub></var> は <var class=""x2"" lang="""">x<sub>2</sub></var> にとって、 <var class=""x3"" lang="""">x<sub>3</sub></var> (条件)のもと難しい / 難関",,"<li>難しい</li>","<li class=""cimei-lerfu"">nad</li><li class=""vomei-lerfu"">nand</li>","<li>難しい難度</li><li>nan(難)</li><li>difficult</li>","<li><a class=""gismu"" href=""https://jbovlaste.lojban.org/dict/frili"" title=""x1 (事)は x2 (者)にとって x3 (条件)において簡単 / 容易; x2 は x1 をた易くこなす""><u class=""se_basna"">fri</u>li</a></li><li><a class=""gismu"" href=""https://jbovlaste.lojban.org/dict/nabmi"" title=""x1 (事)は x2 が遭遇した、 x3 (状況 / 課業)における問題; x1 は x2 に熟考を要する""><u class=""se_basna"">na</u>bmi</a></li><li><a class=""gismu"" href=""https://jbovlaste.lojban.org/dict/jdari"" title=""x1 は x2 (力)にたいして、 x3 (環境 / 条件)のとき固い / 硬い / 堅い""><u class=""se_basna"">jda</u>ri</a></li><li><a class=""gismu"" href=""https://jbovlaste.lojban.org/dict/talsa"" title=""x1 (人)は x2 を x3 (性質)について挑む; x2 に x3 があるかどうかを x1 は試す""><u class=""se_basna"">ta</u>lsa</a></li><li><a class=""gismu"" href=""https://jbovlaste.lojban.org/dict/tinsa"" title=""x1 は x2 (方向)・ x3 (力)にたいして x4 (条件)で固定 / 硬直している; x1 は x2 の向きに動かない""><u class=""se_basna"">ti</u>nsa</a></li>",,"D1::ペア・ワード","[sound:nandu.flac]"
"96702223-4f56-4e24-b087-e5e200127515","condi","ˈʃondi","gismu","<u class=""se_basna"" title=""アクセント"">co</u>ndi","<var class=""x1"" lang="""">x<sub>1</sub></var> は <var class=""x2"" lang="""">x<sub>2</sub></var> (性質 / 方向)に関して <var class=""x3"" lang="""">x<sub>3</sub></var> (照合枠)・ <var class=""x4"" lang="""">x<sub>4</sub></var> (標準)において深い",,"<li>深い</li>","<li class=""cimei-lerfu"">con</li><li class=""cimei-lerfu"">cno</li><li class=""vomei-lerfu"">cond</li>",,"<li><a class=""gismu"" href=""https://jbovlaste.lojban.org/dict/clani"" title=""x1 は x2 (次元 / 方向)・ x3 (照合枠)において長い""><u class=""se_basna"">cla</u>ni</a></li><li><a class=""gismu"" href=""https://jbovlaste.lojban.org/dict/caxno"" title=""x1 は x2 (方向 / 性質)に関して x3 (照合枠)・ x4 (基準)で浅い / 浅はか / 薄い""><u class=""se_basna"">ca</u>xno</a></li><li><a class=""gismu"" href=""https://jbovlaste.lojban.org/dict/bargu"" title=""x1 は x2 に掛かる / を縁取る x3 (素材)のアーチ""><u class=""se_basna"">ba</u>rgu</a></li><li><a class=""gismu"" href=""https://jbovlaste.lojban.org/dict/ganra"" title=""x1 は x2 (次元)・ x3 (基準)において広い / 幅がある / ワイド""><u class=""se_basna"">ga</u>nra</a></li><li><a class=""gismu"" href=""https://jbovlaste.lojban.org/dict/rotsu"" title=""x1 は x2 (次元 / 方向)・ x3 (基準)において太い / 厚い""><u class=""se_basna"">ro</u>tsu</a></li><li><a class=""gismu"" href=""https://jbovlaste.lojban.org/dict/barda"" title=""x1 は x2 (性質)に関して、 x3 (比較対象)の中で大きい""><u class=""se_basna"">ba</u>rda</a></li><li><a class=""gismu"" href=""https://jbovlaste.lojban.org/dict/gutci"" title=""x1 は x2 (数)の、 x3 を下位単位とする、 x4 (規格圏)の尺 / フィート(非メートル法 / 土着的な距離単位のうち短いもの)""><u class=""se_basna"">gu</u>tci</a></li><li><a class=""gismu"" href=""https://jbovlaste.lojban.org/dict/minli"" title=""x1 は x2 (数)の、 x3 を下位単位とする、 x4 (規格圏)の里 / マイル(非メートル法 / 土着的な距離単位)""><u class=""se_basna"">mi</u>nli</a></li>",,"D1::ペア・ワード","[sound:condi.flac]"
"045e4ea9-a17f-4cd1-9c66-af0d83c542aa","caxno","ˈʃaxno","gismu","<u class=""se_basna"" title=""アクセント"">ca</u>xno","<var class=""x1"" lang="""">x<sub>1</sub></var> は <var class=""x2"" lang="""">x<sub>2</sub></var> (方向 / 性質)に関して <var class=""x3"" lang="""">x<sub>3</sub></var> (照合枠)・ <var class=""x4"" lang="""">x<sub>4</sub></var> (基準)で浅い / 浅はか / 薄い",,"<li>浅い</li>","<li class=""cimei-lerfu"">cax</li><li class=""vomei-lerfu"">caxn</li>","<li>cian(浅)</li><li>shallow 尺の浅い</li>","<li><a class=""gismu"" href=""https://jbovlaste.lojban.org/dict/condi"" title=""x1 は x2 (性質 / 方向)に関して x3 (照合枠)・ x4 (標準)において深い""><u class=""se_basna"">co</u>ndi</a></li><li><a class=""gismu"" href=""https://jbovlaste.lojban.org/dict/tordu"" title=""x1 は x2 (方向)・ x3 (尺度)に関して短い""><u class=""se_basna"">to</u>rdu</a></li><li><a class=""gismu"" href=""https://jbovlaste.lojban.org/dict/jarki"" title=""x1 は x2 (次元)・ x3 (基準)において狭い""><u class=""se_basna"">ja</u>rki</a></li><li><a class=""gismu"" href=""https://jbovlaste.lojban.org/dict/cinla"" title=""x1 は x2 (次元 / 方向)・ x3 (照合枠)において細い / 薄い""><u class=""se_basna"">ci</u>nla</a></li><li><a class=""gismu"" href=""https://jbovlaste.lojban.org/dict/cmalu"" title=""x1 は x2 (性質)に関して、 x3 (比較対象)の中で小さい""><u class=""se_basna"">cma</u>lu</a></li><li><a class=""gismu"" href=""https://jbovlaste.lojban.org/dict/jarki"" title=""x1 は x2 (次元)・ x3 (基準)において狭い""><u class=""se_basna"">ja</u>rki</a></li><li><a class=""gismu"" href=""https://jbovlaste.lojban.org/dict/jmifa"" title=""x1 は x2 (物質)・ x3 (所)の岩礁 / 浅瀬 / 州 / 砂州""><u class=""se_basna"">jmi</u>fa</a></li>",,"D1::ペア・ワード","[sound:caxno.flac]"
"29e3f086-b7a3-4082-9930-3778260ba42d","bruna","'bruna","gismu","<u class=""se_basna"" title=""アクセント"">bru</u>na","<var class=""x1"" lang="""">x<sub>1</sub></var> は <var class=""x2"" lang="""">x<sub>2</sub></var> の、 <var class=""x3"" lang="""">x<sub>3</sub></var> (血縁関係)による兄 / 弟",,"<li>兄弟</li>","<li class=""cimei-lerfu"">bun</li><li class=""cimei-lerfu"">bu'a</li><li class=""vomei-lerfu"">brun</li>","<li>&lt;ブルート殴る&gt;</li><li>ブルーな兄弟</li><li>brother</li>","<li><a class=""gismu"" href=""https://jbovlaste.lojban.org/dict/mensi"" title=""x1 は x2 と、 x3 (血縁)によって姉妹関係にある; x1 は x2 の姉 / 妹""><u class=""se_basna"">me</u>nsi</a></li><li><a class=""gismu"" href=""https://jbovlaste.lojban.org/dict/tunba"" title=""x1 は x2 の、 x3 (養育関係 / 血縁関係 / 類似関係)によって結ばれている兄弟姉妹 / 親戚 / 親族""><u class=""se_basna"">tu</u>nba</a></li><li><a class=""gismu"" href=""https://jbovlaste.lojban.org/dict/tamne"" title=""x1 は x2 の、 x3 (血縁)による従兄弟 / 従姉妹""><u class=""se_basna"">ta</u>mne</a></li><li><a class=""gismu"" href=""https://jbovlaste.lojban.org/dict/famti"" title=""x1 (者)は x2 (者)・ x3 (血縁関係)のおじ / おば""><u class=""se_basna"">fa</u>mti</a></li><li><a class=""gismu"" href=""https://jbovlaste.lojban.org/dict/bersa"" title=""x1 は x2 (親)の息子""><u class=""se_basna"">be</u>rsa</a></li>",,"D1::ペア・ワード","[sound:bruna.flac]"
"f6c79a19-a73d-4dff-8302-e17ee9a45237","mensi","ˈmɛnsi","gismu","<u class=""se_basna"" title=""アクセント"">me</u>nsi","<var class=""x1"" lang="""">x<sub>1</sub></var> は <var class=""x2"" lang="""">x<sub>2</sub></var> と、 <var class=""x3"" lang="""">x<sub>3</sub></var> (血縁)によって姉妹関係にある; <var class=""x1"" lang="""">x<sub>1</sub></var> は <var class=""x2"" lang="""">x<sub>2</sub></var> の姉 / 妹",,"<li>姉妹</li>","<li class=""cimei-lerfu"">mes</li><li class=""cimei-lerfu"">me'i</li><li class=""vomei-lerfu"">mens</li>","<li>姉</li>","<li><a class=""gismu"" href=""https://jbovlaste.lojban.org/dict/bruna"" title=""x1 は x2 の、 x3 (血縁関係)による兄 / 弟""><u class=""se_basna"">bru</u>na</a></li><li><a class=""gismu"" href=""https://jbovlaste.lojban.org/dict/tunba"" title=""x1 は x2 の、 x3 (養育関係 / 血縁関係 / 類似関係)によって結ばれている兄弟姉妹 / 親戚 / 親族""><u class=""se_basna"">tu</u>nba</a></li><li><a class=""gismu"" href=""https://jbovlaste.lojban.org/dict/tamne"" title=""x1 は x2 の、 x3 (血縁)による従兄弟 / 従姉妹""><u class=""se_basna"">ta</u>mne</a></li><li><a class=""gismu"" href=""https://jbovlaste.lojban.org/dict/famti"" title=""x1 (者)は x2 (者)・ x3 (血縁関係)のおじ / おば""><u class=""se_basna"">fa</u>mti</a></li>",,"D1::ペア・ワード","[sound:mensi.flac]"
"4c518d16-7732-4a84-9caf-c1a84833edbf","preti","pˈrɛti","gismu","<u class=""se_basna"" title=""アクセント"">pre</u>ti","<var class=""x1"" lang="""">x<sub>1</sub></var> (文字列)は <var class=""x2"" lang="""">x<sub>2</sub></var> (題目)に関する、 <var class=""x3"" lang="""">x<sub>3</sub></var> (者)から <var class=""x4"" lang="""">x<sub>4</sub></var> (者)への質問 / 質疑",,"<li>質問</li>","<li class=""cimei-lerfu"">ret</li><li class=""cimei-lerfu"">r<u class=""relkarsna"">ei</u></li><li class=""vomei-lerfu"">pret</li>",,"<li><a class=""gismu"" href=""https://jbovlaste.lojban.org/dict/nabmi"" title=""x1 (事)は x2 が遭遇した、 x3 (状況 / 課業)における問題; x1 は x2 に熟考を要する""><u class=""se_basna"">na</u>bmi</a></li><li><a class=""gismu"" href=""https://jbovlaste.lojban.org/dict/danfu"" title=""x1 は x2 (質問 / 問題)に対する解答 / 回答 / 返答""><u class=""se_basna"">da</u>nfu</a></li><li><a class=""gismu"" href=""https://jbovlaste.lojban.org/dict/ciksi"" title=""x1 (者)は x2 (事 / 状態 / 性質)を x3 (者)に x4 (命題, du'u)で説明 / 弁明 / 解説する""><u class=""se_basna"">ci</u>ksi</a></li><li><a class=""gismu"" href=""https://jbovlaste.lojban.org/dict/frati"" title=""x1 は x2 (動作 / 行為)によって x3 (刺激 / 要因)に反応する / 呼応する""><u class=""se_basna"">fra</u>ti</a></li><li><a class=""gismu"" href=""https://jbovlaste.lojban.org/dict/spuda"" title=""x1 は x2 (者 / 物 / 事)に x3 (動作 / 発言)で返信する""><u class=""se_basna"">spu</u>da</a></li><li><a class=""gismu"" href=""https://jbovlaste.lojban.org/dict/cpedu"" title=""x1 は x2 (事)を x3 (者)に x4 (態度 / 方法)で頼む""><u class=""se_basna"">cpe</u>du</a></li>",,"D1::ペア・ワード","[sound:preti.flac]"
"39e010f3-84be-483c-956f-2bb98e2eee00","danfu","ˈdanfu","gismu","<u class=""se_basna"" title=""アクセント"">da</u>nfu","<var class=""x1"" lang="""">x<sub>1</sub></var> は <var class=""x2"" lang="""">x<sub>2</sub></var> (質問 / 問題)に対する解答 / 回答 / 返答",,"<li>答</li>","<li class=""cimei-lerfu"">daf</li><li class=""vomei-lerfu"">danf</li>",,"<li><a class=""gismu"" href=""https://jbovlaste.lojban.org/dict/ciksi"" title=""x1 (者)は x2 (事 / 状態 / 性質)を x3 (者)に x4 (命題, du'u)で説明 / 弁明 / 解説する""><u class=""se_basna"">ci</u>ksi</a></li><li><a class=""gismu"" href=""https://jbovlaste.lojban.org/dict/frati"" title=""x1 は x2 (動作 / 行為)によって x3 (刺激 / 要因)に反応する / 呼応する""><u class=""se_basna"">fra</u>ti</a></li><li><a class=""gismu"" href=""https://jbovlaste.lojban.org/dict/preti"" title=""x1 (文字列)は x2 (題目)に関する、 x3 (者)から x4 (者)への質問 / 質疑""><u class=""se_basna"">pre</u>ti</a></li><li><a class=""gismu"" href=""https://jbovlaste.lojban.org/dict/nabmi"" title=""x1 (事)は x2 が遭遇した、 x3 (状況 / 課業)における問題; x1 は x2 に熟考を要する""><u class=""se_basna"">na</u>bmi</a></li><li><a class=""gismu"" href=""https://jbovlaste.lojban.org/dict/spuda"" title=""x1 は x2 (者 / 物 / 事)に x3 (動作 / 発言)で返信する""><u class=""se_basna"">spu</u>da</a></li><li><a class=""gismu"" href=""https://jbovlaste.lojban.org/dict/cpedu"" title=""x1 は x2 (事)を x3 (者)に x4 (態度 / 方法)で頼む""><u class=""se_basna"">cpe</u>du</a></li>",,"D1::ペア・ワード","[sound:danfu.flac]"
"b3c6fb0b-7b2d-463f-a20b-ffbdeb41ca95","snura","'snura","gismu","<u class=""se_basna"" title=""アクセント"">snu</u>ra","<var class=""x1"" lang="""">x<sub>1</sub></var> は <var class=""x2"" lang="""">x<sub>2</sub></var> (事 / 危険)にたいして安全",,"<li>安全</li>","<li class=""cimei-lerfu"">nur</li><li class=""cimei-lerfu"">nu'a</li><li class=""vomei-lerfu"">snur</li>",,"<li><a class=""gismu"" href=""https://jbovlaste.lojban.org/dict/ckape"" title=""x1 は x2 にとって x3 (条件)において危険; x1 はおっかない""><u class=""se_basna"">cka</u>pe</a></li><li><a class=""gismu"" href=""https://jbovlaste.lojban.org/dict/kajde"" title=""x1 は x2 (者)に x3 (危険 / 脅威)を警告する""><u class=""se_basna"">ka</u>jde</a></li><li><a class=""gismu"" href=""https://jbovlaste.lojban.org/dict/marbi"" title=""x1 は x2 を x3 (危険 / 脅威)から護る保護施設 / 避難所 / シェルター""><u class=""se_basna"">ma</u>rbi</a></li><li><a class=""gismu"" href=""https://jbovlaste.lojban.org/dict/terpa"" title=""x1 は x2 を恐れる / 怖がる / に怯える; x2 は x1 をぎょっとさせる / 脅す""><u class=""se_basna"">te</u>rpa</a></li><li><a class=""gismu"" href=""https://jbovlaste.lojban.org/dict/xalni"" title=""x1 (者)は x2 (事)に関して慌てる / 恐慌する / 狼狽する / パニック状態にある""><u class=""se_basna"">xa</u>lni</a></li><li><a class=""gismu"" href=""https://jbovlaste.lojban.org/dict/bandu"" title=""x1 は x2 (物 / 状態)を x3 (危険 / 脅威 / 可能性)から保護 / 守護する; x1 は x3 にたいして防御する""><u class=""se_basna"">ba</u>ndu</a></li>",,"D1::ペア・ワード","[sound:snura.flac]"
"1929bec2-3ba3-4dc4-8a17-ec0f7b9d5b9e","ckape","ʃˈkapɛ","gismu","<u class=""se_basna"" title=""アクセント"">cka</u>pe","<var class=""x1"" lang="""">x<sub>1</sub></var> は <var class=""x2"" lang="""">x<sub>2</sub></var> にとって <var class=""x3"" lang="""">x<sub>3</sub></var> (条件)において危険; <var class=""x1"" lang="""">x<sub>1</sub></var> はおっかない",,"<li>危険</li>","<li class=""cimei-lerfu"">cap</li><li class=""vomei-lerfu"">ckap</li>",,"<li><a class=""cmavo"" href=""https://jbovlaste.lojban.org/dict/te"" title=""x1-x3 転換 : selbri の左に付いてPSの x1 と x3 を転換する"">te</a> <a class=""gismu"" href=""https://jbovlaste.lojban.org/dict/bandu"" title=""x1 は x2 (物 / 状態)を x3 (危険 / 脅威 / 可能性)から保護 / 守護する; x1 は x3 にたいして防御する""><u class=""se_basna"">ba</u>ndu</a></li><li><a class=""cmavo"" href=""https://jbovlaste.lojban.org/dict/te"" title=""x1-x3 転換 : selbri の左に付いてPSの x1 と x3 を転換する"">te</a> <a class=""gismu"" href=""https://jbovlaste.lojban.org/dict/kajde"" title=""x1 は x2 (者)に x3 (危険 / 脅威)を警告する""><u class=""se_basna"">ka</u>jde</a></li><li><a class=""cmavo"" href=""https://jbovlaste.lojban.org/dict/te"" title=""x1-x3 転換 : selbri の左に付いてPSの x1 と x3 を転換する"">te</a> <a class=""gismu"" href=""https://jbovlaste.lojban.org/dict/marbi"" title=""x1 は x2 を x3 (危険 / 脅威)から護る保護施設 / 避難所 / シェルター""><u class=""se_basna"">ma</u>rbi</a></li><li><a class=""cmavo"" href=""https://jbovlaste.lojban.org/dict/se"" title=""x1-x2 転換 : selbri の左に付いてPSの x1 と x2 を転換する"">se</a> <a class=""gismu"" href=""https://jbovlaste.lojban.org/dict/snura"" title=""x1 は x2 (事 / 危険)にたいして安全""><u class=""se_basna"">snu</u>ra</a></li><li><a class=""cmavo"" href=""https://jbovlaste.lojban.org/dict/se"" title=""x1-x2 転換 : selbri の左に付いてPSの x1 と x2 を転換する"">se</a> <a class=""gismu"" href=""https://jbovlaste.lojban.org/dict/xalni"" title=""x1 (者)は x2 (事)に関して慌てる / 恐慌する / 狼狽する / パニック状態にある""><u class=""se_basna"">xa</u>lni</a></li>",,"D1::ペア・ワード","[sound:ckape.flac]"
"b71373c4-d3ed-485f-998d-5e4a982c148b","macnu","ˈmaʃnu","gismu","<u class=""se_basna"" title=""アクセント"">ma</u>cnu","<var class=""x1"" lang="""">x<sub>1</sub></var> (事)は <var class=""x2"" lang="""">x<sub>2</sub></var> (機能)に関して手動 / マニュアル",,"<li>手動</li>","<li class=""cimei-lerfu"">cnu</li><li class=""vomei-lerfu"">macn</li>","<li>マニュアル 手動</li>","<li><a class=""gismu"" href=""https://jbovlaste.lojban.org/dict/zmiku"" title=""x1 は x2 (機能)に関して x3 (条件)で自動""><u class=""se_basna"">zmi</u>ku</a></li><li><a class=""gismu"" href=""https://jbovlaste.lojban.org/dict/jitro"" title=""x1 は x2 を x3 (動作 / 事)に関して制御 / 指揮 / 引率する""><u class=""se_basna"">ji</u>tro</a></li>",,"D1::ペア・ワード","[sound:macnu.flac]"
"4c8e7805-fd07-4f78-b546-fcca05198b52","zmiku","'zmiku","gismu","<u class=""se_basna"" title=""アクセント"">zmi</u>ku","<var class=""x1"" lang="""">x<sub>1</sub></var> は <var class=""x2"" lang="""">x<sub>2</sub></var> (機能)に関して <var class=""x3"" lang="""">x<sub>3</sub></var> (条件)で自動",,"<li>自動</li>","<li class=""cimei-lerfu"">zmi</li><li class=""vomei-lerfu"">zmik</li>","<li>&lt;ずっとミックス&gt;自動で黒ずみくすむ</li>","<li><a class=""gismu"" href=""https://jbovlaste.lojban.org/dict/macnu"" title=""x1 (事)は x2 (機能)に関して手動 / マニュアル""><u class=""se_basna"">ma</u>cnu</a></li>",,"D1::ペア・ワード","[sound:zmiku.flac]"
"57360e91-a14e-47de-9b25-251312c1da64","jinru","ˈʒinru","gismu","<u class=""se_basna"" title=""アクセント"">ji</u>nru","<var class=""x1"" lang="""">x<sub>1</sub></var> は <var class=""x2"" lang="""">x<sub>2</sub></var> に漬かる / 浸かる / 沈む / 潜る","比喩的に「没頭する」「夢中になる」も。","<li>沈む</li>","<li class=""cimei-lerfu"">jir</li><li class=""vomei-lerfu"">jinr</li>","<li>jin(浸)</li><li>immerse</li>","<li><a class=""gismu"" href=""https://jbovlaste.lojban.org/dict/lumci"" title=""x1 は x2 の汚れ x3 を洗浄剤 / 用具 x4 で洗う""><u class=""se_basna"">lu</u>mci</a></li><li><a class=""gismu"" href=""https://jbovlaste.lojban.org/dict/nenri"" title=""x1 は x2 の中(にある); x1 は内部 / 内側; x2 は x1 を内蔵する""><u class=""se_basna"">ne</u>nri</a></li><li><a class=""gismu"" href=""https://jbovlaste.lojban.org/dict/jinsa"" title=""x1 は x2 (汚れ)を x3 (観点)において持っていない; x1 は汚れていない / 清らか""><u class=""se_basna"">ji</u>nsa</a></li>",,"D1::ペア・ワード","[sound:jinru.flac]"
"26501b2e-39bc-4ebe-9b1c-ea787713cb1e","fulta","ˈfulta","gismu","<u class=""se_basna"" title=""アクセント"">fu</u>lta","<var class=""x1"" lang="""">x<sub>1</sub></var> は <var class=""x2"" lang="""">x<sub>2</sub></var> (気体 / 液体)に浮かぶ; <var class=""x1"" lang="""">x<sub>1</sub></var> は浮遊物",,"<li>浮かぶ</li>","<li class=""cimei-lerfu"">ful</li><li class=""cimei-lerfu"">flu</li><li class=""vomei-lerfu"">fult</li>",,"<li><a class=""gismu"" href=""https://jbovlaste.lojban.org/dict/limna"" title=""x1 は x2 (液体)中を泳ぐ / 水泳する""><u class=""se_basna"">li</u>mna</a></li><li><a class=""gismu"" href=""https://jbovlaste.lojban.org/dict/bloti"" title=""x1 は x2 (客 / 荷)・ x3 (原動力)の船 / ボート""><u class=""se_basna"">blo</u>ti</a></li><li><a class=""gismu"" href=""https://jbovlaste.lojban.org/dict/sakli"" title=""x1 は x2 を滑る""><u class=""se_basna"">sa</u>kli</a></li>",,"D1::ペア・ワード","[sound:fulta.flac]"
"1225ccbe-afe2-4a9e-aaf7-c57c095e72e9","zifre","ˈzifrɛ","gismu","<u class=""se_basna"" title=""アクセント"">zi</u>fre","<var class=""x1"" lang="""">x<sub>1</sub></var> は自由である、 <var class=""x2"" lang="""">x<sub>2</sub></var> (事 / 状態)になることにおいて、 <var class=""x3"" lang="""">x<sub>3</sub></var> という条件で","「制限されない」「 <var class=""x1"" lang="""">x<sub>1</sub></var> は自主性がある｣ 「 <var class=""x1"" lang="""">x<sub>1</sub></var> は <var class=""x2"" lang="""">x<sub>2</sub></var> を随意にできる」","<li>自由</li>","<li class=""cimei-lerfu"">zif</li><li class=""cimei-lerfu"">zi'e</li><li class=""vomei-lerfu"">zifr</li>","<li>&lt;ずい分フレッシュ&gt;</li><li>free</li>","<li><a class=""gismu"" href=""https://jbovlaste.lojban.org/dict/pinfu"" title=""x1 は x2 (拘束者)の x3 (収容方法)による囚人; x1 は囚われの身""><u class=""se_basna"">pi</u>nfu</a></li><li><a class=""gismu"" href=""https://jbovlaste.lojban.org/dict/rinju"" title=""x1 は x2 (抑制力)によって x3 (事)にたいして拘束 / 制限されている; x1 は x2 のせいで x3 ができない; x2 は x1 を束縛する""><u class=""se_basna"">ri</u>nju</a></li><li><a class=""gismu"" href=""https://jbovlaste.lojban.org/dict/bilga"" title=""x1 は x2 (行為)を x3 (協定 / 契約 / 常識)のために遂行する義務を負っている; x1 は x2 をしなければならない""><u class=""se_basna"">bi</u>lga</a></li><li><a class=""gismu"" href=""https://jbovlaste.lojban.org/dict/curmi"" title=""x1 (者)は x2 (事)を x3 (条件)において許容 / 許可する""><u class=""se_basna"">cu</u>rmi</a></li><li><a class=""gismu"" href=""https://jbovlaste.lojban.org/dict/kakne"" title=""x1 は x2 (事)が x3 (条件)においてできる; x1 は有能""><u class=""se_basna"">ka</u>kne</a></li><li><a class=""gismu"" href=""https://jbovlaste.lojban.org/dict/frili"" title=""x1 (事)は x2 (者)にとって x3 (条件)において簡単 / 容易; x2 は x1 をた易くこなす""><u class=""se_basna"">fri</u>li</a></li>","<div class=""mupli""><p lang=""jbo""><span class=""cmavo"" ondblclick=""location.href = &quot;https://jbovlaste.lojban.org/dict/mi&quot;"" title=""話し手(聞き手&amp;その他以外) : 代詞(sumti)"">mi</span> <span class=""gismu"" ondblclick=""location.href = &quot;https://jbovlaste.lojban.org/dict/zifre&quot;"" title=""x1 は自由である、 x2 (事 / 状態)になることにおいて、 x3 という条件で""><u class=""se_basna"">zi</u>fre</span> <span class=""cmavo"" ondblclick=""location.href = &quot;https://jbovlaste.lojban.org/dict/lo&quot;"" title=""それであるもの : 冠詞(客観系); selbri を冠する; 指示対象は真にその selbri に当てはまる"">lo</span> <span class=""cmavo"" ondblclick=""location.href = &quot;https://jbovlaste.lojban.org/dict/nu&quot;"" title=""事象抽象 : 抽象詞; bridi の左に付いて、その bridi が内包する事象を抽出する; 抽象の焦点となる sumti を「ce'u」に替えて置ける; bridi の範囲を含めた全体が1つの selbri となる; 冠詞を左に加えると sumti になる; x1 は[bridi]に表される事象"">nu</span> <span class=""gismu"" ondblclick=""location.href = &quot;https://jbovlaste.lojban.org/dict/jamfu&quot;"" title=""x1 は x2 (本体)の足""><u class=""se_basna"">ja</u>mfu</span> <span class=""gismu"" ondblclick=""location.href = &quot;https://jbovlaste.lojban.org/dict/muvdu&quot;"" title=""x1 (物)は x2 (終点)に x3 (始点)から x4 (経路)にわたって動く; x1 は動的""><u class=""se_basna"">mu</u>vdu</span></p><p lang=""ja"">私は足を自由に動かせる</p></div>","D1::ペア・ワード","[sound:zifre.flac]"
"80d6b12e-9cc7-4ab2-825d-b13b5167990a","bilga","ˈbilga","gismu","<u class=""se_basna"" title=""アクセント"">bi</u>lga","<var class=""x1"" lang="""">x<sub>1</sub></var> は <var class=""x2"" lang="""">x<sub>2</sub></var> (行為)を <var class=""x3"" lang="""">x<sub>3</sub></var> (協定 / 契約 / 常識)のために遂行する義務を負っている; <var class=""x1"" lang="""">x<sub>1</sub></var> は <var class=""x2"" lang="""">x<sub>2</sub></var> をしなければならない",,"<li>義務</li>","<li class=""cimei-lerfu"">big</li><li class=""vomei-lerfu"">bilg</li>","<li>&lt;ビルで外交&gt;</li><li>oblige</li><li>obligado</li>","<li><a class=""gismu"" href=""https://jbovlaste.lojban.org/dict/zifre"" title=""x1 は自由である、 x2 (事 / 状態)になることにおいて、 x3 という条件で""><u class=""se_basna"">zi</u>fre</a></li><li><a class=""gismu"" href=""https://jbovlaste.lojban.org/dict/fuzme"" title=""x1 は x2 (事)について x3 (断裁 / 権限)の観点で責任がある""><u class=""se_basna"">fu</u>zme</a></li>",,"D1::ペア・ワード","[sound:bilga.flac]"
"9ec84c7c-9e95-4857-8e00-b30e63511b29","rarna","ˈrarna","gismu","<u class=""se_basna"" title=""アクセント"">ra</u>rna","<var class=""x1"" lang="""">x<sub>1</sub></var> は自然 / 天然 / 本能的 / 自発的",,"<li>自然</li>","<li class=""cimei-lerfu"">rar</li><li class=""vomei-lerfu"">rarn</li>","<li>ziran(自然)</li><li>natural</li>","<li><a class=""gismu"" href=""https://jbovlaste.lojban.org/dict/rutni"" title=""x1 は人工物; x1 は人為的""><u class=""se_basna"">ru</u>tni</a></li><li><a class=""gismu"" href=""https://jbovlaste.lojban.org/dict/jinzi"" title=""x1 (性質)は x2 に内在する; x2 は本質的に x1""><u class=""se_basna"">ji</u>nzi</a></li><li><a class=""gismu"" href=""https://jbovlaste.lojban.org/dict/nurma"" title=""x1 は x2 (地域)の田舎 / 農村; x1 は田舎っぽい / 牧歌的 / “ダサい”""><u class=""se_basna"">nu</u>rma</a></li><li><a class=""gismu"" href=""https://jbovlaste.lojban.org/dict/stati"" title=""x1 には x2 (事 / 行為)の才能 / 素質がある""><u class=""se_basna"">sta</u>ti</a></li>",,"D1::ペア・ワード","[sound:rarna.flac]"
"3c7d71aa-94fe-4305-9271-bca95e727efc","rutni","ˈrutni","gismu","<u class=""se_basna"" title=""アクセント"">ru</u>tni","<var class=""x1"" lang="""">x<sub>1</sub></var> は人工物; <var class=""x1"" lang="""">x<sub>1</sub></var> は人為的",,"<li>人工</li>","<li class=""cimei-lerfu"">run</li><li class=""vomei-lerfu"">rutn</li>","<li>人工ルートに</li>","<li><a class=""gismu"" href=""https://jbovlaste.lojban.org/dict/rarna"" title=""x1 は自然 / 天然 / 本能的 / 自発的""><u class=""se_basna"">ra</u>rna</a></li><li><a class=""cmavo"" href=""https://jbovlaste.lojban.org/dict/se"" title=""x1-x2 転換 : selbri の左に付いてPSの x1 と x2 を転換する"">se</a> <a class=""gismu"" href=""https://jbovlaste.lojban.org/dict/zbasu"" title=""x1 は x2 を x3 (素材)から造る / 作る / 工作する""><u class=""se_basna"">zba</u>su</a></li><li><a class=""gismu"" href=""https://jbovlaste.lojban.org/dict/gundi"" title=""x1 は x2 (生産物)・ x3 (方法)の工業 / 製造業""><u class=""se_basna"">gu</u>ndi</a></li><li><a class=""gismu"" href=""https://jbovlaste.lojban.org/dict/slasi"" title=""x1 は x2 (種類 / 成分)のプラスチック / ビニール / 合成樹脂""><u class=""se_basna"">sla</u>si</a></li>",,"D1::ペア・ワード","[sound:rutni.flac]"
"e148ef9a-530a-4644-943d-d6e3d3737f27","sirji","ˈsirʒi","gismu","<u class=""se_basna"" title=""アクセント"">si</u>rji","<var class=""x1"" lang="""">x<sub>1</sub></var> は <var class=""x2"" lang="""">x<sub>2</sub></var> ・ <var class=""x3"" lang="""">x<sub>3</sub></var> の間でまっすぐ / 直線的 / 直接的",,"<li>まっすぐ</li>","<li class=""cimei-lerfu"">sir</li><li class=""vomei-lerfu"">sirj</li>",,"<li><a class=""gismu"" href=""https://jbovlaste.lojban.org/dict/korcu"" title=""x1 は曲がっている / 歪んでいる / ねじれている""><u class=""se_basna"">ko</u>rcu</a></li><li><a class=""gismu"" href=""https://jbovlaste.lojban.org/dict/linji"" title=""x1 は x2 (点集合)の間の線""><u class=""se_basna"">li</u>nji</a></li><li><a class=""gismu"" href=""https://jbovlaste.lojban.org/dict/kruvi"" title=""x1 は x2 (本体)・ x3 (箇所)における x4 (特性)の湾曲; x1 は曲線; x2 は曲がっている""><u class=""se_basna"">kru</u>vi</a></li><li><a class=""gismu"" href=""https://jbovlaste.lojban.org/dict/kuspe"" title=""x1 は x2 (間隔 / 領域)にわたる; x2 は x1 の範囲 / 範疇""><u class=""se_basna"">ku</u>spe</a></li>","<div class=""mupli""><p lang=""jbo""><span class=""cmavo"" ondblclick=""location.href = &quot;https://jbovlaste.lojban.org/dict/zu'a&quot;"" title=""〜の左方に / 左側で : 間制詞(空間・方向)"">zu'a</span> <span class=""gismu"" ondblclick=""location.href = &quot;https://jbovlaste.lojban.org/dict/cmana&quot;"" title=""x1 は x2 から突き出ている山""><u class=""se_basna"">cma</u>na</span> .<span class=""cmavo"" ondblclick=""location.href = &quot;https://jbovlaste.lojban.org/dict/i&quot;"" title=""文境界 : 境界詞; 文の境界を示す"">i</span> <span class=""cmavo"" ondblclick=""location.href = &quot;https://jbovlaste.lojban.org/dict/ri'u&quot;"" title=""〜の右方に / 〜の右側で : 間制詞(空間・方向)"">ri'u</span> <span class=""gismu"" ondblclick=""location.href = &quot;https://jbovlaste.lojban.org/dict/xamsi&quot;"" title=""x1 は x2 (領域 / 惑星)・ x3 (液体成分)の海 / 海洋""><u class=""se_basna"">xa</u>msi</span> .<span class=""cmavo"" ondblclick=""location.href = &quot;https://jbovlaste.lojban.org/dict/i&quot;"" title=""文境界 : 境界詞; 文の境界を示す"">i</span> <span class=""cmavo"" ondblclick=""location.href = &quot;https://jbovlaste.lojban.org/dict/fo&quot;"" title=""4番目の terbri : 標識; terbri の左に付いてPS上の本来の位置を表す"">fo</span> <span class=""cmavo"" ondblclick=""location.href = &quot;https://jbovlaste.lojban.org/dict/le&quot;"" title=""形容されたもの : 冠詞(主観系); selbri を冠する; 指示対象は必ずしもその selbri に真に当てはまるとは限らない"">le</span> <span class=""cmavo"" ondblclick=""location.href = &quot;https://jbovlaste.lojban.org/dict/pa&quot;"" title=""1 : 数量詞"">pa</span> <span class=""gismu"" ondblclick=""location.href = &quot;https://jbovlaste.lojban.org/dict/sirji&quot;"" title=""x1 は x2 ・ x3 の間でまっすぐ / 直線的 / 直接的""><u class=""se_basna"">si</u>rji</span> <span class=""gismu"" ondblclick=""location.href = &quot;https://jbovlaste.lojban.org/dict/pluta&quot;"" title=""x1 は x2 (終点)・ x3 (起点)・ x4 (途中の点の集合)の経路 / 道筋""><u class=""se_basna"">plu</u>ta</span> <span class=""cmavo"" ondblclick=""location.href = &quot;https://jbovlaste.lojban.org/dict/fa&quot;"" title=""1番目の terbri : 標識; terbri の左に付いてPS上の本来の位置を表す"">fa</span> <span class=""cmavo"" ondblclick=""location.href = &quot;https://jbovlaste.lojban.org/dict/lo&quot;"" title=""それであるもの : 冠詞(客観系); selbri を冠する; 指示対象は真にその selbri に当てはまる"">lo</span> <span class=""gismu"" ondblclick=""location.href = &quot;https://jbovlaste.lojban.org/dict/litru&quot;"" title=""x1 は x2 (経路)を x3 (方法)で旅する; x1 は旅人""><u class=""se_basna"">li</u>tru</span> <span class=""cmavo"" ondblclick=""location.href = &quot;https://jbovlaste.lojban.org/dict/cu&quot;"" title=""selbri隔離 : 先行の項や名辞からselbriを隔離する; 省略可能"">cu</span> <span class=""gismu"" ondblclick=""location.href = &quot;https://jbovlaste.lojban.org/dict/klama&quot;"" title=""x1 は x2 (終点)に x3 (起点)から x4 (経路)を x5 (方法)で行く / 来る""><u class=""se_basna"">kla</u>ma</span></p><p lang=""ja"" title=""山頭火「行乞記(二)」"">左は山、右は海、その一筋道を旅人は行く</p></div>","D1::ペア・ワード","[sound:sirji.flac]"
"ca4149d5-6778-4c53-9e88-b92dcbe04749","korcu","ˈkorʃu","gismu","<u class=""se_basna"" title=""アクセント"">ko</u>rcu","<var class=""x1"" lang="""">x<sub>1</sub></var> は曲がっている / 歪んでいる / ねじれている",,"<li>歪む</li>","<li class=""cimei-lerfu"">kro</li><li class=""vomei-lerfu"">korc</li>",,"<li><a class=""gismu"" href=""https://jbovlaste.lojban.org/dict/cinje"" title=""x1 は x2 (箇所)におけるしわ; x2 はくしゃくしゃ""><u class=""se_basna"">ci</u>nje</a></li><li><a class=""gismu"" href=""https://jbovlaste.lojban.org/dict/klupe"" title=""x1 は x2 (目的)のためのねじ / ボルト""><u class=""se_basna"">klu</u>pe</a></li><li><a class=""gismu"" href=""https://jbovlaste.lojban.org/dict/kruvi"" title=""x1 は x2 (本体)・ x3 (箇所)における x4 (特性)の湾曲; x1 は曲線; x2 は曲がっている""><u class=""se_basna"">kru</u>vi</a></li><li><a class=""gismu"" href=""https://jbovlaste.lojban.org/dict/polje"" title=""x1 (力)は x2 (対象本体)・ x3 (対象箇所)をシワにする / 折り目をつける""><u class=""se_basna"">po</u>lje</a></li><li><a class=""gismu"" href=""https://jbovlaste.lojban.org/dict/sarlu"" title=""x1 は x2 (端 / たん)・ x3 (次元)の螺旋 / 渦巻き""><u class=""se_basna"">sa</u>rlu</a></li><li><a class=""gismu"" href=""https://jbovlaste.lojban.org/dict/sirji"" title=""x1 は x2 ・ x3 の間でまっすぐ / 直線的 / 直接的""><u class=""se_basna"">si</u>rji</a></li><li><a class=""gismu"" href=""https://jbovlaste.lojban.org/dict/bargu"" title=""x1 は x2 に掛かる / を縁取る x3 (素材)のアーチ""><u class=""se_basna"">ba</u>rgu</a></li><li><a class=""gismu"" href=""https://jbovlaste.lojban.org/dict/genxu"" title=""x1 は x2 (素材)の鉤 / 留め金 / ホック""><u class=""se_basna"">ge</u>nxu</a></li>",,"D1::ペア・ワード","[sound:korcu.flac]"
